"id_user","type","t_unix_ts_ms","apk","id_session","id_interval","text"
"1234","SCREEN_TEXT","1710276742799","com.android.chrome","8b0bc131-9437-4e9c-b87d-57a5da6c0c53","128b2311-3d64-473c-af0e-0ff8b9e8828a","Facebook Get Facebook for Android and browse faster. Log in Forgot password? or Create new account English (US) Français (France) Português (Brasil) Italiano Español 中文(简体) Deutsch About Help More Meta © 2024 m.facebook.com "
"1234","SCREEN_TEXT","1710276739739","com.android.chrome","8b0bc131-9437-4e9c-b87d-57a5da6c0c53","e50b85fb-af1a-4452-ad28-63cc58cd310d","Facebook Get Facebook for Android and browse faster. Log in Forgot password? or Create new account English (US) Français (France) Português (Brasil) Italiano Español 中文(简体) Deutsch About Help More Meta © 2024 "
"1234","URL","1710276736700","com.android.chrome","8b0bc131-9437-4e9c-b87d-57a5da6c0c53","f7083722-84ff-4908-a541-bf8afd6f5c2a","m.facebook.com"
"1234","SCREEN_TEXT","1710276736589","com.android.chrome","8b0bc131-9437-4e9c-b87d-57a5da6c0c53","f7083722-84ff-4908-a541-bf8afd6f5c2a","Facebook Get Facebook for Android and browse faster. Log in Forgot password? or Create new account English (US) Français (France) Português (Brasil) Italiano Español 中文(简体) Deutsch About Help More Meta © 2024 m.facebook.com "
"1234","CLICKED_EVENT","1710276732572","com.android.systemui","8b0bc131-9437-4e9c-b87d-57a5da6c0c53","f139f189-95c1-4915-ab04-23ad9f5617fc"," Recents "
"1234","SCREEN_TEXT","1710276730553","com.android.systemui","8b0bc131-9437-4e9c-b87d-57a5da6c0c53","f139f189-95c1-4915-ab04-23ad9f5617fc","Start recording or casting with Screenlake? Screenlake will have access to all of the information that is visible on your screen or played from your device while recording or casting. This includes information such as passwords payment details photos messages and audio that you play. Cancel "
"1234","CLICKED_EVENT","1710276726758","com.android.systemui","8b0bc131-9437-4e9c-b87d-57a5da6c0c53","45be6611-46fc-4742-83b8-29e00475bfe4"," Back "
"1234","CLICKED_EVENT","1710276726016","com.android.systemui","8b0bc131-9437-4e9c-b87d-57a5da6c0c53","45be6611-46fc-4742-83b8-29e00475bfe4"," Back "
"1234","CLICKED_EVENT","1710276725492","com.android.systemui","8b0bc131-9437-4e9c-b87d-57a5da6c0c53","45be6611-46fc-4742-83b8-29e00475bfe4"," Back "
"1234","SESSION_START","1710276724","null","8b0bc131-9437-4e9c-b87d-57a5da6c0c53","45be6611-46fc-4742-83b8-29e00475bfe4","null"
