"id_user","file","zipFileId","apk","id_session","id_segment","app","text","weekday","t_epoch_ts_ms","t_natural_utc_ts","t_natural_second_ts","t_natural_day_ts"
"1234","/data/user/0/com.screenlake/files/img_f5beb7ed-f43a-4acf-9f2d-493475063cdf_2024_03_12_13_54_57_501.jpg","image_zip_178ecc88-1df2-4661-bde3-2c79349f0d4f_51.zip","com.android.chrome","8b0bc131-9437-4e9c-b87d-57a5da6c0c53","8f7cf99f-dd1e-4cbb-afd6-21a08be10125","","1540 eaomr nf anil 1002 8 p lj 2 mfacebookcom n get facebook for android and browse faster mobile number or email password or create new account espaiol francais france fz fea portugues brasil deutsch italiano 4 meta 2024","Tue","1710276897506","2024-03-12T20:54:57.506Z","13:54:57","03/12/2024"
"1234","/data/user/0/com.screenlake/files/img_66bb8fa2-b425-4ec1-8ebe-6691f796d72d_2024_03_12_13_54_54_302.jpg","image_zip_178ecc88-1df2-4661-bde3-2c79349f0d4f_51.zip","com.android.chrome","8b0bc131-9437-4e9c-b87d-57a5da6c0c53","8f7cf99f-dd1e-4cbb-afd6-21a08be10125","","1ieaeomr nf 2 ill 1002 8 p lj 2 mfacebookcom n get facebook for android and browse faster mobile number or email password or create new account espaiol frangais france fr te1e portugues brasil deutsch italiano 4 meta 2024","Tue","1710276894307","2024-03-12T20:54:54.307Z","13:54:54","03/12/2024"
"1234","/data/user/0/com.screenlake/files/img_5000b358-5112-45dc-a36c-4155d3468052_2024_03_12_13_54_51_093.jpg","image_zip_178ecc88-1df2-4661-bde3-2c79349f0d4f_51.zip","com.android.chrome","8b0bc131-9437-4e9c-b87d-57a5da6c0c53","8f7cf99f-dd1e-4cbb-afd6-21a08be10125","","1540 eaomr nf anil 1002 8 p lj 2 mfacebookcom n get facebook for android and browse faster mobile number or email password or create new account espaiol francais france fz fea portugues brasil deutsch italiano 4 meta 2024","Tue","1710276891098","2024-03-12T20:54:51.098Z","13:54:51","03/12/2024"
"1234","/data/user/0/com.screenlake/files/img_4f71f68e-4f77-46df-8f7a-ecfb13e084aa_2024_03_12_13_54_47_893.jpg","image_zip_178ecc88-1df2-4661-bde3-2c79349f0d4f_51.zip","com.android.chrome","8b0bc131-9437-4e9c-b87d-57a5da6c0c53","8f7cf99f-dd1e-4cbb-afd6-21a08be10125","","1ieaeomr nf 2 ill 1002 8 p lj 2 mfacebookcom n get facebook for android and browse faster mobile number or email password or create new account espaiol frangais france fr te1e portugues brasil deutsch italiano 4 meta 2024","Tue","1710276887897","2024-03-12T20:54:47.897Z","13:54:47","03/12/2024"
"1234","/data/user/0/com.screenlake/files/img_0d6a1216-e32a-4804-a599-3ea36db4e8e2_2024_03_12_13_54_44_694.jpg","image_zip_178ecc88-1df2-4661-bde3-2c79349f0d4f_51.zip","com.android.chrome","8b0bc131-9437-4e9c-b87d-57a5da6c0c53","8f7cf99f-dd1e-4cbb-afd6-21a08be10125","","1540 eaomr nf anil 1002 8 p lj 2 mfacebookcom n get facebook for android and browse faster mobile number or email password or create new account espaiol francais france fz fea portugues brasil deutsch italiano 4 meta 2024","Tue","1710276884699","2024-03-12T20:54:44.699Z","13:54:44","03/12/2024"
"1234","/data/user/0/com.screenlake/files/img_0ef9fe27-e9b1-4adc-ba03-842eaafab63b_2024_03_12_13_54_41_486.jpg","image_zip_178ecc88-1df2-4661-bde3-2c79349f0d4f_51.zip","com.android.chrome","8b0bc131-9437-4e9c-b87d-57a5da6c0c53","8f7cf99f-dd1e-4cbb-afd6-21a08be10125","","1ieaeomr nf 2 ill 1002 8 p lj 2 mfacebookcom n get facebook for android and browse faster mobile number or email password or create new account espaiol frangais france fr te1e portugues brasil deutsch italiano 4 meta 2024","Tue","1710276881491","2024-03-12T20:54:41.491Z","13:54:41","03/12/2024"
"1234","/data/user/0/com.screenlake/files/img_40fe9534-a2d5-4b6c-b07b-601df9e9a283_2024_03_12_13_54_38_274.jpg","image_zip_178ecc88-1df2-4661-bde3-2c79349f0d4f_51.zip","com.android.chrome","8b0bc131-9437-4e9c-b87d-57a5da6c0c53","8f7cf99f-dd1e-4cbb-afd6-21a08be10125","","1540 eaomr nf anil 1002 8 p lj 2 mfacebookcom n get facebook for android and browse faster mobile number or email password or create new account espaiol francais france fz fea portugues brasil deutsch italiano 4 meta 2024","Tue","1710276878279","2024-03-12T20:54:38.279Z","13:54:38","03/12/2024"
"1234","/data/user/0/com.screenlake/files/img_2ee603f1-e1f5-43c1-85cf-a8de7358fdf3_2024_03_12_13_54_35_077.jpg","image_zip_178ecc88-1df2-4661-bde3-2c79349f0d4f_51.zip","com.android.chrome","8b0bc131-9437-4e9c-b87d-57a5da6c0c53","8f7cf99f-dd1e-4cbb-afd6-21a08be10125","","1540 eaomr nf anil 1002 8 p lj 2 mfacebookcom n get facebook for android and browse faster mobile number or email password or create new account espaiol francais france fz fea portugues brasil deutsch italiano 4 meta 2024","Tue","1710276875082","2024-03-12T20:54:35.082Z","13:54:35","03/12/2024"
"1234","/data/user/0/com.screenlake/files/img_ceba50ae-e927-432f-bf8f-b785e64fa2dd_2024_03_12_13_54_31_875.jpg","image_zip_178ecc88-1df2-4661-bde3-2c79349f0d4f_51.zip","com.android.chrome","8b0bc131-9437-4e9c-b87d-57a5da6c0c53","8f7cf99f-dd1e-4cbb-afd6-21a08be10125","","1540 eaomr nf anil 1002 8 p lj 2 mfacebookcom n get facebook for android and browse faster mobile number or email password or create new account espaiol francais france fz fea portugues brasil deutsch italiano 4 meta 2024","Tue","1710276871880","2024-03-12T20:54:31.880Z","13:54:31","03/12/2024"
"1234","/data/user/0/com.screenlake/files/img_2a0a906d-2807-49d0-8055-d149f14a3e7d_2024_03_12_13_54_28_678.jpg","image_zip_178ecc88-1df2-4661-bde3-2c79349f0d4f_51.zip","com.android.chrome","8b0bc131-9437-4e9c-b87d-57a5da6c0c53","8f7cf99f-dd1e-4cbb-afd6-21a08be10125","","1ieaeomr nf 2 ill 1002 8 p lj 2 mfacebookcom n get facebook for android and browse faster mobile number or email password or create new account espaiol frangais france fr te1e portugues brasil deutsch italiano 4 meta 2024","Tue","1710276868683","2024-03-12T20:54:28.683Z","13:54:28","03/12/2024"
"1234","/data/user/0/com.screenlake/files/img_cf628bdc-7509-4fcf-819e-010d95fa49d8_2024_03_12_13_54_25_481.jpg","image_zip_178ecc88-1df2-4661-bde3-2c79349f0d4f_51.zip","com.android.chrome","8b0bc131-9437-4e9c-b87d-57a5da6c0c53","8f7cf99f-dd1e-4cbb-afd6-21a08be10125","","1ieaeomr nf 2 ill 1002 8 p lj 2 mfacebookcom n get facebook for android and browse faster mobile number or email password or create new account espaiol frangais france fr te1e portugues brasil deutsch italiano 4 meta 2024","Tue","1710276865486","2024-03-12T20:54:25.486Z","13:54:25","03/12/2024"
"1234","/data/user/0/com.screenlake/files/img_40288eab-5f7f-4855-9835-3ebec8f5521d_2024_03_12_13_54_22_285.jpg","image_zip_178ecc88-1df2-4661-bde3-2c79349f0d4f_51.zip","com.android.chrome","8b0bc131-9437-4e9c-b87d-57a5da6c0c53","8f7cf99f-dd1e-4cbb-afd6-21a08be10125","","1ieaeomr nf 2 ill 1002 8 p lj 2 mfacebookcom n get facebook for android and browse faster mobile number or email password or create new account espaiol frangais france fr te1e portugues brasil deutsch italiano 4 meta 2024","Tue","1710276862290","2024-03-12T20:54:22.290Z","13:54:22","03/12/2024"
"1234","/data/user/0/com.screenlake/files/img_ea0f09d8-b336-404a-9ce7-ad98ad06bc4f_2024_03_12_13_54_19_082.jpg","image_zip_178ecc88-1df2-4661-bde3-2c79349f0d4f_51.zip","com.android.chrome","8b0bc131-9437-4e9c-b87d-57a5da6c0c53","8f7cf99f-dd1e-4cbb-afd6-21a08be10125","","1540 eaomr nf anil 1002 8 p lj 2 mfacebookcom n get facebook for android and browse faster mobile number or email password or create new account espaiol francais france fz fea portugues brasil deutsch italiano 4 meta 2024","Tue","1710276859087","2024-03-12T20:54:19.087Z","13:54:19","03/12/2024"
"1234","/data/user/0/com.screenlake/files/img_6842f44d-3ac6-4073-a7f9-88a0ea930ab8_2024_03_12_13_54_15_883.jpg","image_zip_178ecc88-1df2-4661-bde3-2c79349f0d4f_51.zip","com.android.chrome","8b0bc131-9437-4e9c-b87d-57a5da6c0c53","8f7cf99f-dd1e-4cbb-afd6-21a08be10125","","1540 eaomr nf anil 1002 8 p lj 2 mfacebookcom n get facebook for android and browse faster mobile number or email password or create new account espaiol francais france fz fea portugues brasil deutsch italiano 4 meta 2024","Tue","1710276855888","2024-03-12T20:54:15.888Z","13:54:15","03/12/2024"
"1234","/data/user/0/com.screenlake/files/img_5f8a25dc-2ed4-4c93-9a81-5c256817b4ed_2024_03_12_13_54_12_622.jpg","image_zip_178ecc88-1df2-4661-bde3-2c79349f0d4f_51.zip","com.android.chrome","8b0bc131-9437-4e9c-b87d-57a5da6c0c53","8f7cf99f-dd1e-4cbb-afd6-21a08be10125","","1ieaeomr nf 2 ill 1002 8 p lj 2 mfacebookcom n get facebook for android and browse faster mobile number or email password or create new account espaiol frangais france fr te1e portugues brasil deutsch italiano 4 meta 2024","Tue","1710276852627","2024-03-12T20:54:12.627Z","13:54:12","03/12/2024"
"1234","/data/user/0/com.screenlake/files/img_d3a698a7-5e9b-4495-98bf-9f85902d0a96_2024_03_12_13_54_09_432.jpg","image_zip_178ecc88-1df2-4661-bde3-2c79349f0d4f_51.zip","com.android.chrome","8b0bc131-9437-4e9c-b87d-57a5da6c0c53","8f7cf99f-dd1e-4cbb-afd6-21a08be10125","","1ieaeomr nf 2 ill 1002 8 p lj 2 mfacebookcom n get facebook for android and browse faster mobile number or email password or create new account espaiol frangais france fr te1e portugues brasil deutsch italiano 4 meta 2024","Tue","1710276849437","2024-03-12T20:54:09.437Z","13:54:09","03/12/2024"
"1234","/data/user/0/com.screenlake/files/img_18b21009-19db-45b3-a112-4ff4a56b4e0b_2024_03_12_13_54_06_224.jpg","image_zip_178ecc88-1df2-4661-bde3-2c79349f0d4f_51.zip","com.android.chrome","8b0bc131-9437-4e9c-b87d-57a5da6c0c53","8f7cf99f-dd1e-4cbb-afd6-21a08be10125","","1540 eaomr nf anil 1002 8 p lj 2 mfacebookcom n get facebook for android and browse faster mobile number or email password or create new account espaiol francais france fz fea portugues brasil deutsch italiano 4 meta 2024","Tue","1710276846229","2024-03-12T20:54:06.229Z","13:54:06","03/12/2024"
"1234","/data/user/0/com.screenlake/files/img_fe6a0ba0-f3bd-42b8-ab93-45a19ed6d637_2024_03_12_13_54_03_033.jpg","image_zip_178ecc88-1df2-4661-bde3-2c79349f0d4f_51.zip","com.android.chrome","8b0bc131-9437-4e9c-b87d-57a5da6c0c53","8f7cf99f-dd1e-4cbb-afd6-21a08be10125","","1ieaeomr nf 2 ill 1002 8 p lj 2 mfacebookcom n get facebook for android and browse faster mobile number or email password or create new account espaiol frangais france fr te1e portugues brasil deutsch italiano 4 meta 2024","Tue","1710276843037","2024-03-12T20:54:03.037Z","13:54:03","03/12/2024"
"1234","/data/user/0/com.screenlake/files/img_d6288bbc-56af-44fe-86d0-493747c349cc_2024_03_12_13_53_59_835.jpg","image_zip_178ecc88-1df2-4661-bde3-2c79349f0d4f_51.zip","com.android.chrome","8b0bc131-9437-4e9c-b87d-57a5da6c0c53","8f7cf99f-dd1e-4cbb-afd6-21a08be10125","","153ealomr anil 100 8 p lj 2 mfacebookcom n get facebook for android and browse faster mobile number or email password or create new account espaiol francais france frc ei a portugues brasil deutsch italiano 4 meta 2024","Tue","1710276839841","2024-03-12T20:53:59.841Z","13:53:59","03/12/2024"
"1234","/data/user/0/com.screenlake/files/img_25cec7c1-0108-4efb-bcde-4a3661dc65e9_2024_03_12_13_53_56_637.jpg","image_zip_178ecc88-1df2-4661-bde3-2c79349f0d4f_51.zip","com.android.chrome","8b0bc131-9437-4e9c-b87d-57a5da6c0c53","8f7cf99f-dd1e-4cbb-afd6-21a08be10125","","153ealomr anil 100 8 p lj 2 mfacebookcom n get facebook for android and browse faster mobile number or email password or create new account espaiol francais france frc ei a portugues brasil deutsch italiano 4 meta 2024","Tue","1710276836642","2024-03-12T20:53:56.642Z","13:53:56","03/12/2024"
"1234","/data/user/0/com.screenlake/files/img_d175af4e-f4ec-472c-8a26-3b6b665b99b2_2024_03_12_13_53_53_430.jpg","image_zip_178ecc88-1df2-4661-bde3-2c79349f0d4f_51.zip","com.android.chrome","8b0bc131-9437-4e9c-b87d-57a5da6c0c53","8f7cf99f-dd1e-4cbb-afd6-21a08be10125","","153d ehomi nf 2 ill 1002 8 p lj 2 mfacebookcom n get facebook for android and browse faster mobile number or email password or create new account espaiol frangais france rs fe1e portugues brasil deutsch italiano 4 meta 2024","Tue","1710276833435","2024-03-12T20:53:53.435Z","13:53:53","03/12/2024"
"1234","/data/user/0/com.screenlake/files/img_157c0c07-d665-496e-bbcb-5f6802bd69e7_2024_03_12_13_53_50_233.jpg","image_zip_178ecc88-1df2-4661-bde3-2c79349f0d4f_51.zip","com.android.chrome","8b0bc131-9437-4e9c-b87d-57a5da6c0c53","8f7cf99f-dd1e-4cbb-afd6-21a08be10125","","153d ehomi nf 2 ill 1002 8 p lj 2 mfacebookcom n get facebook for android and browse faster mobile number or email password or create new account espaiol frangais france rs fe1e portugues brasil deutsch italiano 4 meta 2024","Tue","1710276830238","2024-03-12T20:53:50.238Z","13:53:50","03/12/2024"
"1234","/data/user/0/com.screenlake/files/img_fdd58e68-ea1b-4c7a-b4c4-1cd11c048a69_2024_03_12_13_53_47_027.jpg","image_zip_178ecc88-1df2-4661-bde3-2c79349f0d4f_51.zip","com.android.chrome","8b0bc131-9437-4e9c-b87d-57a5da6c0c53","8f7cf99f-dd1e-4cbb-afd6-21a08be10125","","153d ehomi nf 2 ill 1002 8 p lj 2 mfacebookcom n get facebook for android and browse faster mobile number or email password or create new account espaiol frangais france rs fe1e portugues brasil deutsch italiano 4 meta 2024","Tue","1710276827032","2024-03-12T20:53:47.032Z","13:53:47","03/12/2024"
"1234","/data/user/0/com.screenlake/files/img_773dd8d7-ebd4-4b99-8de0-007abc7bd08d_2024_03_12_13_53_43_816.jpg","image_zip_178ecc88-1df2-4661-bde3-2c79349f0d4f_51.zip","com.android.chrome","8b0bc131-9437-4e9c-b87d-57a5da6c0c53","8f7cf99f-dd1e-4cbb-afd6-21a08be10125","","153d ehomi nf 2 ill 1002 8 p lj 2 mfacebookcom n get facebook for android and browse faster mobile number or email password or create new account espaiol frangais france rs fe1e portugues brasil deutsch italiano 4 meta 2024","Tue","1710276823821","2024-03-12T20:53:43.821Z","13:53:43","03/12/2024"
"1234","/data/user/0/com.screenlake/files/img_d65df13e-2ea1-4532-bcef-0ef4beab224a_2024_03_12_13_53_40_615.jpg","image_zip_178ecc88-1df2-4661-bde3-2c79349f0d4f_51.zip","com.android.chrome","8b0bc131-9437-4e9c-b87d-57a5da6c0c53","8f7cf99f-dd1e-4cbb-afd6-21a08be10125","","153d ehomi nf 2 ill 1002 8 p lj 2 mfacebookcom n get facebook for android and browse faster mobile number or email password or create new account espaiol frangais france rs fe1e portugues brasil deutsch italiano 4 meta 2024","Tue","1710276820620","2024-03-12T20:53:40.620Z","13:53:40","03/12/2024"
"1234","/data/user/0/com.screenlake/files/img_1f127468-751b-4e99-bc26-4f65490ba902_2024_03_12_13_53_37_415.jpg","image_zip_178ecc88-1df2-4661-bde3-2c79349f0d4f_51.zip","com.android.chrome","8b0bc131-9437-4e9c-b87d-57a5da6c0c53","8f7cf99f-dd1e-4cbb-afd6-21a08be10125","","153d ehomi nf 2 ill 1002 8 p lj 2 mfacebookcom n get facebook for android and browse faster mobile number or email password or create new account espaiol frangais france rs fe1e portugues brasil deutsch italiano 4 meta 2024","Tue","1710276817420","2024-03-12T20:53:37.420Z","13:53:37","03/12/2024"
"1234","/data/user/0/com.screenlake/files/img_011874ab-922f-40b1-a228-6449cc9c0a00_2024_03_12_13_53_34_213.jpg","image_zip_178ecc88-1df2-4661-bde3-2c79349f0d4f_51.zip","com.android.chrome","8b0bc131-9437-4e9c-b87d-57a5da6c0c53","8f7cf99f-dd1e-4cbb-afd6-21a08be10125","","153d ehomi nf 2 ill 1002 8 p lj 2 mfacebookcom n get facebook for android and browse faster mobile number or email password or create new account espaiol frangais france rs fe1e portugues brasil deutsch italiano 4 meta 2024","Tue","1710276814218","2024-03-12T20:53:34.218Z","13:53:34","03/12/2024"
"1234","/data/user/0/com.screenlake/files/img_4666595f-912f-465a-9a9e-8f952274d957_2024_03_12_13_53_31_013.jpg","image_zip_178ecc88-1df2-4661-bde3-2c79349f0d4f_51.zip","com.android.chrome","8b0bc131-9437-4e9c-b87d-57a5da6c0c53","8f7cf99f-dd1e-4cbb-afd6-21a08be10125","","153ealomr anil 100 8 p lj 2 mfacebookcom n get facebook for android and browse faster mobile number or email password or create new account espaiol francais france frc ei a portugues brasil deutsch italiano 4 meta 2024","Tue","1710276811019","2024-03-12T20:53:31.019Z","13:53:31","03/12/2024"
"1234","/data/user/0/com.screenlake/files/img_f7b30f51-d4e1-40f9-8540-7824eb7af4a1_2024_03_12_13_53_27_806.jpg","image_zip_178ecc88-1df2-4661-bde3-2c79349f0d4f_51.zip","com.android.chrome","8b0bc131-9437-4e9c-b87d-57a5da6c0c53","8f7cf99f-dd1e-4cbb-afd6-21a08be10125","","153ealomr anil 100 8 p lj 2 mfacebookcom n get facebook for android and browse faster mobile number or email password or create new account espaiol francais france frc ei a portugues brasil deutsch italiano 4 meta 2024","Tue","1710276807811","2024-03-12T20:53:27.811Z","13:53:27","03/12/2024"
"1234","/data/user/0/com.screenlake/files/img_a28e29b8-2699-4285-b146-c72bf8a18f19_2024_03_12_13_53_24_604.jpg","image_zip_178ecc88-1df2-4661-bde3-2c79349f0d4f_51.zip","com.android.chrome","8b0bc131-9437-4e9c-b87d-57a5da6c0c53","8f7cf99f-dd1e-4cbb-afd6-21a08be10125","","153d ehomi nf 2 ill 1002 8 p lj 2 mfacebookcom n get facebook for android and browse faster mobile number or email password or create new account espaiol frangais france rs fe1e portugues brasil deutsch italiano 4 meta 2024","Tue","1710276804609","2024-03-12T20:53:24.609Z","13:53:24","03/12/2024"
"1234","/data/user/0/com.screenlake/files/img_b5c3f0c4-e240-4ba0-b6d1-619773bfb19d_2024_03_12_13_53_21_406.jpg","image_zip_178ecc88-1df2-4661-bde3-2c79349f0d4f_51.zip","com.android.chrome","8b0bc131-9437-4e9c-b87d-57a5da6c0c53","8f7cf99f-dd1e-4cbb-afd6-21a08be10125","","153ealomr anil 100 8 p lj 2 mfacebookcom n get facebook for android and browse faster mobile number or email password or create new account espaiol francais france frc ei a portugues brasil deutsch italiano 4 meta 2024","Tue","1710276801411","2024-03-12T20:53:21.411Z","13:53:21","03/12/2024"
"1234","/data/user/0/com.screenlake/files/img_5c561081-58de-4f02-8af3-76ef3e9fb4e5_2024_03_12_13_53_18_200.jpg","image_zip_178ecc88-1df2-4661-bde3-2c79349f0d4f_51.zip","com.android.chrome","8b0bc131-9437-4e9c-b87d-57a5da6c0c53","8f7cf99f-dd1e-4cbb-afd6-21a08be10125","","153ealomr anil 100 8 p lj 2 mfacebookcom n get facebook for android and browse faster mobile number or email password or create new account espaiol francais france frc ei a portugues brasil deutsch italiano 4 meta 2024","Tue","1710276798205","2024-03-12T20:53:18.205Z","13:53:18","03/12/2024"
"1234","/data/user/0/com.screenlake/files/img_1e0efa81-aa92-4782-964f-543ad05937e2_2024_03_12_13_53_14_996.jpg","image_zip_178ecc88-1df2-4661-bde3-2c79349f0d4f_51.zip","com.android.chrome","8b0bc131-9437-4e9c-b87d-57a5da6c0c53","8f7cf99f-dd1e-4cbb-afd6-21a08be10125","","153d ehomi nf 2 ill 1002 8 p lj 2 mfacebookcom n get facebook for android and browse faster mobile number or email password or create new account espaiol frangais france rs fe1e portugues brasil deutsch italiano 4 meta 2024","Tue","1710276795001","2024-03-12T20:53:15.001Z","13:53:15","03/12/2024"
"1234","/data/user/0/com.screenlake/files/img_2fe0eb58-891f-4879-ac11-b0873b4949b7_2024_03_12_13_53_11_785.jpg","image_zip_178ecc88-1df2-4661-bde3-2c79349f0d4f_51.zip","com.android.chrome","8b0bc131-9437-4e9c-b87d-57a5da6c0c53","8f7cf99f-dd1e-4cbb-afd6-21a08be10125","","153d ehomi nf 2 ill 1002 8 p lj 2 mfacebookcom n get facebook for android and browse faster mobile number or email password or create new account espaiol frangais france rs fe1e portugues brasil deutsch italiano 4 meta 2024","Tue","1710276791789","2024-03-12T20:53:11.789Z","13:53:11","03/12/2024"
"1234","/data/user/0/com.screenlake/files/img_6e6fff35-bc81-4366-b752-08da09676dfc_2024_03_12_13_53_08_586.jpg","image_zip_178ecc88-1df2-4661-bde3-2c79349f0d4f_51.zip","com.android.chrome","8b0bc131-9437-4e9c-b87d-57a5da6c0c53","8f7cf99f-dd1e-4cbb-afd6-21a08be10125","","153d ehomi nf 2 ill 1002 8 p lj 2 mfacebookcom n get facebook for android and browse faster mobile number or email password or create new account espaiol frangais france rs fe1e portugues brasil deutsch italiano 4 meta 2024","Tue","1710276788591","2024-03-12T20:53:08.591Z","13:53:08","03/12/2024"
"1234","/data/user/0/com.screenlake/files/img_7ae8aca0-c1e5-4181-ae65-d1ff15a71129_2024_03_12_13_53_05_374.jpg","image_zip_178ecc88-1df2-4661-bde3-2c79349f0d4f_51.zip","com.android.chrome","8b0bc131-9437-4e9c-b87d-57a5da6c0c53","8f7cf99f-dd1e-4cbb-afd6-21a08be10125","","153ealomr anil 100 8 p lj 2 mfacebookcom n get facebook for android and browse faster mobile number or email password or create new account espaiol francais france frc ei a portugues brasil deutsch italiano 4 meta 2024","Tue","1710276785379","2024-03-12T20:53:05.379Z","13:53:05","03/12/2024"
"1234","/data/user/0/com.screenlake/files/img_8f41fe27-e963-4052-a695-c02de9fcbf5d_2024_03_12_13_53_02_170.jpg","image_zip_178ecc88-1df2-4661-bde3-2c79349f0d4f_51.zip","com.android.chrome","8b0bc131-9437-4e9c-b87d-57a5da6c0c53","8f7cf99f-dd1e-4cbb-afd6-21a08be10125","","153ealomr anil 100 8 p lj 2 mfacebookcom n get facebook for android and browse faster mobile number or email password or create new account espaiol francais france frc ei a portugues brasil deutsch italiano 4 meta 2024","Tue","1710276782174","2024-03-12T20:53:02.174Z","13:53:02","03/12/2024"
"1234","/data/user/0/com.screenlake/files/img_62cae88b-ab0e-4f0b-aab4-970bf52eb581_2024_03_12_13_52_58_963.jpg","image_zip_178ecc88-1df2-4661-bde3-2c79349f0d4f_51.zip","com.android.chrome","8b0bc131-9437-4e9c-b87d-57a5da6c0c53","8f7cf99f-dd1e-4cbb-afd6-21a08be10125","","12eelomr anil 100 8 p lj 2 mfacebookcom n get facebook for android and browse faster mobile number or email password or create new account espaiol francais france frc ei a portugues brasil deutsch italiano 4 meta 2024","Tue","1710276778968","2024-03-12T20:52:58.968Z","13:52:58","03/12/2024"
"1234","/data/user/0/com.screenlake/files/img_f658552a-aabd-4323-af93-6b42b61d49b5_2024_03_12_13_52_55_757.jpg","image_zip_178ecc88-1df2-4661-bde3-2c79349f0d4f_51.zip","com.android.chrome","8b0bc131-9437-4e9c-b87d-57a5da6c0c53","8f7cf99f-dd1e-4cbb-afd6-21a08be10125","","152 dehomr nf 2 ill 1002 8 p lj 2 mfacebookcom n get facebook for android and browse faster mobile number or email password or create new account espaiol frangais france rs fe1e portugues brasil deutsch italiano 4 meta 2024","Tue","1710276775761","2024-03-12T20:52:55.761Z","13:52:55","03/12/2024"
"1234","/data/user/0/com.screenlake/files/img_42ac95f0-428f-483d-a3ae-80a7751169b7_2024_03_12_13_52_52_554.jpg","image_zip_178ecc88-1df2-4661-bde3-2c79349f0d4f_51.zip","com.android.chrome","8b0bc131-9437-4e9c-b87d-57a5da6c0c53","8f7cf99f-dd1e-4cbb-afd6-21a08be10125","","152 dehomr nf 2 ill 1002 8 p lj 2 mfacebookcom n get facebook for android and browse faster mobile number or email password or create new account espaiol frangais france rs fe1e portugues brasil deutsch italiano 4 meta 2024","Tue","1710276772559","2024-03-12T20:52:52.559Z","13:52:52","03/12/2024"
"1234","/data/user/0/com.screenlake/files/img_66293fbc-6cf9-440a-beaf-fb061a643ca5_2024_03_12_13_52_49_355.jpg","image_zip_178ecc88-1df2-4661-bde3-2c79349f0d4f_51.zip","com.android.chrome","8b0bc131-9437-4e9c-b87d-57a5da6c0c53","8f7cf99f-dd1e-4cbb-afd6-21a08be10125","","12eelomr anil 100 8 p lj 2 mfacebookcom n get facebook for android and browse faster mobile number or email password or create new account espaiol francais france frc ei a portugues brasil deutsch italiano 4 meta 2024","Tue","1710276769359","2024-03-12T20:52:49.359Z","13:52:49","03/12/2024"
"1234","/data/user/0/com.screenlake/files/img_bd2466e8-799c-4396-a02f-98949e760e80_2024_03_12_13_52_46_146.jpg","image_zip_178ecc88-1df2-4661-bde3-2c79349f0d4f_51.zip","com.android.chrome","8b0bc131-9437-4e9c-b87d-57a5da6c0c53","8f7cf99f-dd1e-4cbb-afd6-21a08be10125","","12eelomr anil 100 8 p lj 2 mfacebookcom n get facebook for android and browse faster mobile number or email password or create new account espaiol francais france frc ei a portugues brasil deutsch italiano 4 meta 2024","Tue","1710276766151","2024-03-12T20:52:46.151Z","13:52:46","03/12/2024"
"1234","/data/user/0/com.screenlake/files/img_83fef332-a0f5-43b9-93f4-a7d7c5323be8_2024_03_12_13_52_42_947.jpg","image_zip_178ecc88-1df2-4661-bde3-2c79349f0d4f_51.zip","com.android.chrome","8b0bc131-9437-4e9c-b87d-57a5da6c0c53","8f7cf99f-dd1e-4cbb-afd6-21a08be10125","","152 dehomr nf 2 ill 1002 8 p lj 2 mfacebookcom n get facebook for android and browse faster mobile number or email password or create new account espaiol frangais france rs fe1e portugues brasil deutsch italiano 4 meta 2024","Tue","1710276762952","2024-03-12T20:52:42.952Z","13:52:42","03/12/2024"
"1234","/data/user/0/com.screenlake/files/img_e9842070-0984-4d53-8e55-03d9dae0b971_2024_03_12_13_52_39_748.jpg","image_zip_178ecc88-1df2-4661-bde3-2c79349f0d4f_51.zip","com.android.chrome","8b0bc131-9437-4e9c-b87d-57a5da6c0c53","8f7cf99f-dd1e-4cbb-afd6-21a08be10125","","152 dehomr nf 2 ill 1002 8 p lj 2 mfacebookcom n get facebook for android and browse faster mobile number or email password or create new account espaiol frangais france rs fe1e portugues brasil deutsch italiano 4 meta 2024","Tue","1710276759754","2024-03-12T20:52:39.754Z","13:52:39","03/12/2024"
"1234","/data/user/0/com.screenlake/files/img_5646d79a-574b-4b77-927d-161331877020_2024_03_12_13_52_36_549.jpg","image_zip_178ecc88-1df2-4661-bde3-2c79349f0d4f_51.zip","com.android.chrome","8b0bc131-9437-4e9c-b87d-57a5da6c0c53","8f7cf99f-dd1e-4cbb-afd6-21a08be10125","","12eelomr anil 100 8 p lj 2 mfacebookcom n get facebook for android and browse faster mobile number or email password or create new account espaiol francais france frc ei a portugues brasil deutsch italiano 4 meta 2024","Tue","1710276756553","2024-03-12T20:52:36.553Z","13:52:36","03/12/2024"
"1234","/data/user/0/com.screenlake/files/img_a1941c4e-6fc5-462a-8fb8-3c22b872b726_2024_03_12_13_52_33_341.jpg","image_zip_178ecc88-1df2-4661-bde3-2c79349f0d4f_51.zip","com.android.chrome","8b0bc131-9437-4e9c-b87d-57a5da6c0c53","8f7cf99f-dd1e-4cbb-afd6-21a08be10125","","12eelomr anil 100 8 p lj 2 mfacebookcom n get facebook for android and browse faster mobile number or email password or create new account espaiol francais france frc ei a portugues brasil deutsch italiano 4 meta 2024","Tue","1710276753346","2024-03-12T20:52:33.346Z","13:52:33","03/12/2024"
"1234","/data/user/0/com.screenlake/files/img_7aa76a03-7e34-4359-a791-77cd6cbf1d99_2024_03_12_13_52_30_133.jpg","image_zip_178ecc88-1df2-4661-bde3-2c79349f0d4f_51.zip","com.android.chrome","8b0bc131-9437-4e9c-b87d-57a5da6c0c53","8f7cf99f-dd1e-4cbb-afd6-21a08be10125","","12eelomr anil 100 8 p lj 2 mfacebookcom n get facebook for android and browse faster mobile number or email password or create new account espaiol francais france frc ei a portugues brasil deutsch italiano 4 meta 2024","Tue","1710276750137","2024-03-12T20:52:30.137Z","13:52:30","03/12/2024"
"1234","/data/user/0/com.screenlake/files/img_d22b0c9f-1942-41b7-81e5-d630887da470_2024_03_12_13_52_26_929.jpg","image_zip_178ecc88-1df2-4661-bde3-2c79349f0d4f_51.zip","com.android.chrome","8b0bc131-9437-4e9c-b87d-57a5da6c0c53","8f7cf99f-dd1e-4cbb-afd6-21a08be10125","","152 dehomr nf 2 ill 1002 8 p lj 2 mfacebookcom n get facebook for android and browse faster mobile number or email password or create new account espaiol frangais france rs fe1e portugues brasil deutsch italiano 4 meta 2024","Tue","1710276746934","2024-03-12T20:52:26.934Z","13:52:26","03/12/2024"
"1234","/data/user/0/com.screenlake/files/img_feb20050-3e75-4b2b-a450-ee6664c0a78e_2024_03_12_13_52_23_723.jpg","image_zip_178ecc88-1df2-4661-bde3-2c79349f0d4f_51.zip","com.android.chrome","8b0bc131-9437-4e9c-b87d-57a5da6c0c53","8f7cf99f-dd1e-4cbb-afd6-21a08be10125","","152 dehomr nf 2 ill 1002 8 p lj 2 mfacebookcom n get facebook for android and browse faster mobile number or email password or create new account espaiol frangais france rs fe1e portugues brasil deutsch italiano 4 meta 2024","Tue","1710276743726","2024-03-12T20:52:23.726Z","13:52:23","03/12/2024"
"1234","/data/user/0/com.screenlake/files/img_07441fb2-130f-4a99-882a-db821383679c_2024_03_12_13_52_20_537.jpg","image_zip_178ecc88-1df2-4661-bde3-2c79349f0d4f_51.zip","com.android.chrome","8b0bc131-9437-4e9c-b87d-57a5da6c0c53","8f7cf99f-dd1e-4cbb-afd6-21a08be10125","","152 mr nf 2 il 100 08 p lj 2 mfacebookcom n get facebook for android and browse faster mobile number or email password or create new account espaiol frangais france rs fe1e portugues brasil deutsch italiano 4 meta 2024","Tue","1710276740540","2024-03-12T20:52:20.540Z","13:52:20","03/12/2024"
"1234","/data/user/0/com.screenlake/files/img_5fb7d459-f51c-478b-8d2d-45ea13203b73_2024_03_12_13_52_17_339.jpg","image_zip_178ecc88-1df2-4661-bde3-2c79349f0d4f_51.zip","com.android.chrome","8b0bc131-9437-4e9c-b87d-57a5da6c0c53","8f7cf99f-dd1e-4cbb-afd6-21a08be10125","","152 qam anil 100 8 p lj 2 mfacebookcom n get facebook for android and browse faster mobile number or email password or create new account espaiol francais france frc ei a portugues brasil deutsch italiano 4 meta 2024","Tue","1710276737341","2024-03-12T20:52:17.341Z","13:52:17","03/12/2024"
