"id_user","type","t_unix_ts_ms","apk","id_session","id_interval","text"
"d7d1927d-b5fe-467d-97c7-d3850f3dd8b7","SESSION_END","1697014086491","null","2d3231d1-78f2-4d2a-a2fe-42dce200ccd2","e0dff0ad-b9e3-40ea-9b22-17c5935be9c8","null"
"d7d1927d-b5fe-467d-97c7-d3850f3dd8b7","CLICKED_EVENT","1697014084158","com.android.systemui","2d3231d1-78f2-4d2a-a2fe-42dce200ccd2","10560dd4-8746-47b1-8cd3-0ca4f7b19161"," Home "
"d7d1927d-b5fe-467d-97c7-d3850f3dd8b7","CLICKED_EVENT","1697014083453","com.android.systemui","2d3231d1-78f2-4d2a-a2fe-42dce200ccd2","10560dd4-8746-47b1-8cd3-0ca4f7b19161"," Back "
"d7d1927d-b5fe-467d-97c7-d3850f3dd8b7","SCREEN_TEXT","1697014082379","com.google.android.gm","2d3231d1-78f2-4d2a-a2fe-42dce200ccd2","10560dd4-8746-47b1-8cd3-0ca4f7b19161","Forward Reply all Reply Promotions Radio Flyer New Month New Giveaways It s week 3 of our How Do You Roll Giveaway! Check out the giveaways for this week and enter daily now through Halloween for your chance to win. ﻿ ﻿ ﻿ ﻿ ﻿ ﻿ ﻿ ﻿ ﻿ ﻿ ﻿ ﻿ ﻿ ﻿ ﻿ ﻿ ﻿ ﻿ ﻿ ﻿ ﻿ ﻿ ﻿ ﻿ ﻿ ﻿ on Oct 2 Important Kids2 Friends & Family It’s time to select your free product! http://photos-eu.bazaarvoice.com/photo/2/Y2xpZW50Y29uZmlnaW1hZ2VzOmtpZHNpaQ/13170ee1e9ee1b987c9cafd634638abf.png It s time to select your free product! Act fast! Quantities are limited and on Sep 6 Important TryIt Sampling Thank you for requesting your free product Bazaarvoice Inc. Thank you for your recent product request Thank you for selecting a product from our recent sampling campaign. We re looking forward to getting your feedback. Participating brands on Aug 29 Important Your Favorite Samples by Perrigo Tell us what you think about your new Your Favorite Samples product! http://photos-us.bazaarvoice.com/photo/2/Y2xpZW50Y29uZmlnaW1hZ2VzOnBlcnJpZ28/e51e6bf515d5fedd52929221e9e41c90.jpg Enjoying your product? We want to hear all about it! Hi Jamie! It s time to review on Aug 11 Important Fur Buddies Mission Accepted: Purina Pro Plan Turkey and Oatmeal Wet Dog Food Jamie Start Your Latest Mission! VISIT MISSION PAGE Congratulations on accepting the Purina Pro Plan Turkey and Oatmeal Wet Dog Food Mission. Stop by your Mission Page for all the information you need on Jul 12 The Fit Tested Community Fit Tested Program Updates http://photos-us.bazaarvoice.com/photo/2/Y2xpZW50Y29uZmlnaW1hZ2VzOmlvdmF0ZS11cw/e0ccd242a6cc3e31a285705fd32068a8.png https://sampling-photos-prod.s3.amazonaws.com/photos/iovate_fittested_email_hero.jpg on 7/11/2022 BLACK+DECKER It’s time to select your free product! http://photos-us.bazaarvoice.com/photo/2/Y2xpZW50Y29uZmlnaW1hZ2VzOnN0YW5sZXlibGFja2FuZGRlY2tlcg/4b74b8f09ab945312fc4240a9a2255c8.jpg Act fast! Quantities are limited and available on a first come on 4/1/2022 Compose 3 deleted Undo "
"d7d1927d-b5fe-467d-97c7-d3850f3dd8b7","CLICKED_EVENT","1697014079434","com.android.chrome","2d3231d1-78f2-4d2a-a2fe-42dce200ccd2","7ec23992-8498-43ab-8fb6-0c83d84da2c7"," Close tab "
"d7d1927d-b5fe-467d-97c7-d3850f3dd8b7","SCREEN_TEXT","1697014079104","com.android.chrome","2d3231d1-78f2-4d2a-a2fe-42dce200ccd2","7ec23992-8498-43ab-8fb6-0c83d84da2c7","Join or log in for FREE SHIPPING* See Details Skip to Content  Toggle Nav  My Cart  # Type at least 3 characters to search # Hit enter to search  Today s Giveaway: October 11 October 11 Radio Flyer: Makers of the Little Red Wagon and Tricycle content.radioflyer.com "
"d7d1927d-b5fe-467d-97c7-d3850f3dd8b7","SCREEN_TEXT","1697014075895","com.android.chrome","2d3231d1-78f2-4d2a-a2fe-42dce200ccd2","b25ca5d3-fa09-48d7-8139-e3b6421907ab","Join or log in for FREE SHIPPING* See Details Skip to Content  Toggle Nav  My Cart  # Type at least 3 characters to search # Hit enter to search  Today s Giveaway: October 11 October 11 Radio Flyer: Makers of the Little Red Wagon and Tricycle content.radioflyer.com Update address? Matthew Aldridge 152 logmill rd Update "
"d7d1927d-b5fe-467d-97c7-d3850f3dd8b7","SCREEN_TEXT","1697014072691","com.android.chrome","2d3231d1-78f2-4d2a-a2fe-42dce200ccd2","da8ab85c-624d-4eaa-b904-972a7c7c6a0c"," # Type at least 3 characters to search # Hit enter to search learn more Enter To Win I already entered on a previous day. FIRST NAME Matthew LAST NAME Aldridge ADDRESS 152 logmill rd APT/UNIT # CITY Pineville STATE KY ZIPCODE 40977 EMAIL ADDRESS Piechoski29@gmail.com CONFIRM EMAIL ADDRESS Piechoski29@gmail.com I have read the How Do You Roll Giveaways rules and regulations. I have read the How Do You Roll Giveaways rules and regulations . I m 18-years-old or older. Yes! I d like to receive emails with news & offers. Enter Celebrate October with The Official Wagon of Halloween ® Share your photos with us by posting with @RadioFlyer or #RadioFlyer WE LOVE TO SEE FAMILIES PLAY! Clicking on these links will bring up a modal containing a larger version of the image. Radio Flyer: Makers of the Little Red Wagon and Tricycle content.radioflyer.com "
"d7d1927d-b5fe-467d-97c7-d3850f3dd8b7","URL","1697014069008","com.android.chrome","2d3231d1-78f2-4d2a-a2fe-42dce200ccd2","ed2a3314-1b0d-4e88-8e11-636e7b52facc","Piechoski29@gmail.com"
"d7d1927d-b5fe-467d-97c7-d3850f3dd8b7","SCREEN_TEXT","1697014068864","com.android.chrome","2d3231d1-78f2-4d2a-a2fe-42dce200ccd2","ed2a3314-1b0d-4e88-8e11-636e7b52facc"," # Type at least 3 characters to search # Hit enter to search The Beast Wagon learn more Enter To Win I already entered on a previous day. FIRST NAME Matthew LAST NAME Aldridge ADDRESS 152 logmill rd APT/UNIT # CITY Pineville STATE KY ZIPCODE 40977 EMAIL ADDRESS Piechoski29@gmail.com CONFIRM EMAIL ADDRESS Piechoski29@gmail.com I have read the How Do You Roll Giveaways rules and regulations. I have read the How Do You Roll Giveaways rules and regulations . I m 18-years-old or older. Yes! I d like to receive emails with news & offers. Enter Radio Flyer: Makers of the Little Red Wagon and Tricycle content.radioflyer.com "
"d7d1927d-b5fe-467d-97c7-d3850f3dd8b7","SCREEN_TEXT","1697014064915","com.android.chrome","2d3231d1-78f2-4d2a-a2fe-42dce200ccd2","2e1314cf-6f28-4dec-a104-e613363279f9"," # Type at least 3 characters to search # Hit enter to search Today s Giveaway: October 11 October 11 The Beast Wagon learn more Enter To Win I already entered on a previous day. FIRST NAME LAST NAME ADDRESS APT/UNIT # CITY STATE ZIPCODE Radio Flyer: Makers of the Little Red Wagon and Tricycle content.radioflyer.com "
"d7d1927d-b5fe-467d-97c7-d3850f3dd8b7","CLICKED_EVENT","1697014061980","com.android.chrome","2d3231d1-78f2-4d2a-a2fe-42dce200ccd2","e74aa8a6-dce5-4691-8e53-e2bcc8cfd45b"," Close tab "
"d7d1927d-b5fe-467d-97c7-d3850f3dd8b7","SCREEN_TEXT","1697014061627","com.android.chrome","2d3231d1-78f2-4d2a-a2fe-42dce200ccd2","e74aa8a6-dce5-4691-8e53-e2bcc8cfd45b"," # Type at least 3 characters to search # Hit enter to search Today s Giveaway: October 11 October 11 The Beast Wagon learn more Enter To Win Radio Flyer: Makers of the Little Red Wagon and Tricycle content.radioflyer.com "
"d7d1927d-b5fe-467d-97c7-d3850f3dd8b7","SCREEN_TEXT","1697014058337","com.android.chrome","2d3231d1-78f2-4d2a-a2fe-42dce200ccd2","1c76ce67-9d69-4608-a8ac-5cd8c4e9c8fc","Join or log in for FREE SHIPPING* See Details Skip to Content  Toggle Nav  My Cart  # Type at least 3 characters to search # Hit enter to search  Today s Giveaway: October 11 October 11 Radio Flyer: Makers of the Little Red Wagon and Tricycle content.radioflyer.com Update address? Jamie Buis 140 logmill rd Update "
"d7d1927d-b5fe-467d-97c7-d3850f3dd8b7","URL","1697014054959","com.android.chrome","2d3231d1-78f2-4d2a-a2fe-42dce200ccd2","f4809d87-b7da-4386-81d1-c9cbe5ff6dc8","piechoski20@gmail.com"
"d7d1927d-b5fe-467d-97c7-d3850f3dd8b7","SCREEN_TEXT","1697014054708","com.android.chrome","2d3231d1-78f2-4d2a-a2fe-42dce200ccd2","f4809d87-b7da-4386-81d1-c9cbe5ff6dc8"," # Type at least 3 characters to search # Hit enter to search learn more Enter To Win I already entered on a previous day. FIRST NAME Jamie LAST NAME Buis ADDRESS 140 LOGMILL RD APT/UNIT # CITY PINEVILLE STATE KY ZIPCODE 40977 EMAIL ADDRESS piechoski20@gmail.com CONFIRM EMAIL ADDRESS piechoski20@gmail.com I have read the How Do You Roll Giveaways rules and regulations. I have read the How Do You Roll Giveaways rules and regulations . I m 18-years-old or older. Yes! I d like to receive emails with news & offers. Enter Celebrate October with The Official Wagon of Halloween ® Share your photos with us by posting with @RadioFlyer or #RadioFlyer WE LOVE TO SEE FAMILIES PLAY! Radio Flyer: Makers of the Little Red Wagon and Tricycle content.radioflyer.com "
"d7d1927d-b5fe-467d-97c7-d3850f3dd8b7","SCREEN_TEXT","1697014051135","com.android.chrome","2d3231d1-78f2-4d2a-a2fe-42dce200ccd2","36d7b460-ddc7-4a81-83d2-e4b071300218","The Beast Wagon learn more Enter To Win I already entered on a previous day. FIRST NAME LAST NAME ADDRESS APT/UNIT # CITY STATE ZIPCODE EMAIL ADDRESS CONFIRM EMAIL ADDRESS I have read the How Do You Roll Giveaways rules and regulations. I have read the How Do You Roll Giveaways rules and regulations . I m 18-years-old or older. Yes! I d like to receive emails with news & offers. Enter Celebrate October with The Official Wagon of Halloween ® Share your photos with us by posting with @RadioFlyer or #RadioFlyer WE LOVE TO SEE FAMILIES PLAY! Radio Flyer: Makers of the Little Red Wagon and Tricycle content.radioflyer.com Jamie JAMIE BUIS 140 LOGMILL RD Matthew 152 logmill rd Piechoski29@gmail.com KY "
"d7d1927d-b5fe-467d-97c7-d3850f3dd8b7","SCREEN_TEXT","1697014048094","com.android.systemui","2d3231d1-78f2-4d2a-a2fe-42dce200ccd2","d266fb3e-475f-43ac-9e9d-7dbd6aa4d756","4:47 Wed Oct 11 Device control Media output Mobile data turned off While Mobile data is turned off you will not be able to use Internet Email or other apps that require a network connection unless you connect to a Wi-Fi network. Mobile data will be turned off. Notification settings Clear AT&T "
"d7d1927d-b5fe-467d-97c7-d3850f3dd8b7","CLICKED_EVENT","1697014047973","com.samsung.android.messaging","2d3231d1-78f2-4d2a-a2fe-42dce200ccd2","d99be55b-8d0a-4b6a-9487-fcfb6671fa36"," Mark as read "
"d7d1927d-b5fe-467d-97c7-d3850f3dd8b7","SCREEN_TEXT","1697014045053","com.android.systemui","2d3231d1-78f2-4d2a-a2fe-42dce200ccd2","d99be55b-8d0a-4b6a-9487-fcfb6671fa36","4:47 Wed Oct 11 Device control Media output ⁨Baby Matthew⁩ 4:47 AM Yea Mobile data turned off While Mobile data is turned off you will not be able to use Internet Email or other apps that require a network connection unless you connect to a Wi-Fi network. Mobile data will be turned off. Notification settings Clear AT&T "
"d7d1927d-b5fe-467d-97c7-d3850f3dd8b7","SCREEN_TEXT","1697014041734","com.google.android.gm","2d3231d1-78f2-4d2a-a2fe-42dce200ccd2","fc9d19e4-7f84-4949-a363-2293cda77933","Forward Reply all Reply Friday October 6 Flyer 500® Saturday October 7 My First Steel & Wood Wagon with Teddy Bear Forward Reply all Reply It’s time to select your free product! Important Inbox Kids2 Friends & Family Sep 6 to me "
"d7d1927d-b5fe-467d-97c7-d3850f3dd8b7","SCREEN_TEXT","1697014037861","com.google.android.gm","2d3231d1-78f2-4d2a-a2fe-42dce200ccd2","621fe13c-74d6-4ade-98ed-b6db406494f3","Forward Reply all Reply Custom Wagons Trikes Shop All THIS WEEK S GIVEAWAYS Monday October 2 Little Red Roadster® Tuesday October 3 Build-A-Wagon® "
"d7d1927d-b5fe-467d-97c7-d3850f3dd8b7","CLICKED_EVENT","1697014037111","com.google.android.gm","2d3231d1-78f2-4d2a-a2fe-42dce200ccd2","58eb2837-ae42-497b-9396-e5920b92f41f"," Radio Flyer"
"d7d1927d-b5fe-467d-97c7-d3850f3dd8b7","SCREEN_TEXT","1697014034801","com.google.android.gm","2d3231d1-78f2-4d2a-a2fe-42dce200ccd2","58eb2837-ae42-497b-9396-e5920b92f41f","Select all Top Picks Unread Love Bonito Outfits On The Go! 💨 For Quick Errand Runs LBCommunity+ Status: BRONZE You have: 50.00 points Love Bonito NEW IN DRESSES WORKWEAR Conquer your to-do list with ease – and style. SHOP NOW Throw-On-And-Go From grocery runs at 2:24 AM Unread Karma Nuts Limited Time Offer: 20% Off Karma Nuts on Amazon Prime Day! Two Days Only! Don t miss out on these exclusive offers! ͏ ͏ ͏ ͏ ͏ ͏ ͏ ͏ ͏ ͏ ͏ ͏ ͏ ͏ ͏ ͏ ͏ ͏ ͏ ͏ ͏ ͏ ͏ ͏ ͏ ͏ ͏ ͏ ͏ ͏ ͏ ͏ ͏ ͏ ͏ ͏ ͏ ͏ ͏ ͏ ͏ ͏ ͏ ͏ ͏ ͏ ͏ ͏ ͏ ͏ ͏ ͏ ͏ ͏ ͏ ͏ ͏ ͏ ͏ ͏ ͏ ͏ ͏ ͏ ͏ ͏ ͏ ͏ ͏ ͏ at 1:01 AM Remaining Promotions Unread Kohl’s LAST DAY to shop the Deal Dash! Get $10 off home faves too. Plus take 20% off & earn Kohl s Cash. ͏ ͏ ͏ ͏ ͏ ͏ ͏ ͏ ͏ ͏ ͏ ͏ ͏ ͏ ͏ ͏ ͏ ͏ ͏ ͏ ͏ ͏ ͏ ͏ ͏ ͏ ͏ ͏ ͏ ͏ ͏ ͏ ͏ ͏ ͏ ͏ ͏ ͏ ͏ ͏ ͏ ͏ ͏ ͏ ͏ ͏ ͏ ͏ ͏ ͏ ͏ ͏ ͏ ͏ ͏ ͏ ͏ ͏ ͏ ͏ ͏ ͏ ͏ ͏ ͏ ͏ ͏ ͏ ͏ ͏ ͏ ͏ ͏ ͏ ͏ ͏ ͏ at 3:49 AM Radio Flyer New Month New Giveaways It s week 3 of our How Do You Roll Giveaway! Check out the giveaways for this week and enter daily now through Halloween for your chance to win. ﻿ ﻿ ﻿ ﻿ ﻿ ﻿ ﻿ ﻿ ﻿ ﻿ ﻿ ﻿ ﻿ ﻿ ﻿ ﻿ ﻿ ﻿ ﻿ ﻿ ﻿ ﻿ ﻿ ﻿ ﻿ ﻿ on Oct 2 Important Kids2 Friends & Family It’s time to select your free product! http://photos-eu.bazaarvoice.com/photo/2/Y2xpZW50Y29uZmlnaW1hZ2VzOmtpZHNpaQ/13170ee1e9ee1b987c9cafd634638abf.png It s time to select your free product! Act fast! Quantities are limited and on Sep 6 Important TryIt Sampling Thank you for requesting your free product Bazaarvoice Inc. Thank you for your recent product request Thank you for selecting a product from our recent sampling campaign. We re looking forward to getting your feedback. Participating brands on Aug 29 Compose Ad deleted. 1 "
"d7d1927d-b5fe-467d-97c7-d3850f3dd8b7","SCREEN_TEXT","1697014031494","com.google.android.gm","2d3231d1-78f2-4d2a-a2fe-42dce200ccd2","bf8b4122-76e0-463c-a634-e5d493cd411e","Promotions Top Picks Unread Love Bonito Outfits On The Go! 💨 For Quick Errand Runs LBCommunity+ Status: BRONZE You have: 50.00 points Love Bonito NEW IN DRESSES WORKWEAR Conquer your to-do list with ease – and style. SHOP NOW Throw-On-And-Go From grocery runs at 2:24 AM Unread Karma Nuts Limited Time Offer: 20% Off Karma Nuts on Amazon Prime Day! Two Days Only! Don t miss out on these exclusive offers! ͏ ͏ ͏ ͏ ͏ ͏ ͏ ͏ ͏ ͏ ͏ ͏ ͏ ͏ ͏ ͏ ͏ ͏ ͏ ͏ ͏ ͏ ͏ ͏ ͏ ͏ ͏ ͏ ͏ ͏ ͏ ͏ ͏ ͏ ͏ ͏ ͏ ͏ ͏ ͏ ͏ ͏ ͏ ͏ ͏ ͏ ͏ ͏ ͏ ͏ ͏ ͏ ͏ ͏ ͏ ͏ ͏ ͏ ͏ ͏ ͏ ͏ ͏ ͏ ͏ ͏ ͏ ͏ ͏ ͏ at 1:01 AM Temu Ad Click to redeem your $20 new users coupon now. Totally saved 20 dollars Rent-A-Center Ad Get Approved Online & In-Store You Could Get Approved For Up To $3 000 In Merch For Your Home. Use It Online or In-Store! Remaining Promotions Unread Kohl’s LAST DAY to shop the Deal Dash! Get $10 off home faves too. Plus take 20% off & earn Kohl s Cash. ͏ ͏ ͏ ͏ ͏ ͏ ͏ ͏ ͏ ͏ ͏ ͏ ͏ ͏ ͏ ͏ ͏ ͏ ͏ ͏ ͏ ͏ ͏ ͏ ͏ ͏ ͏ ͏ ͏ ͏ ͏ ͏ ͏ ͏ ͏ ͏ ͏ ͏ ͏ ͏ ͏ ͏ ͏ ͏ ͏ ͏ ͏ ͏ ͏ ͏ ͏ ͏ ͏ ͏ ͏ ͏ ͏ ͏ ͏ ͏ ͏ ͏ ͏ ͏ ͏ ͏ ͏ ͏ ͏ ͏ ͏ ͏ ͏ ͏ ͏ ͏ ͏ at 3:49 AM Radio Flyer New Month New Giveaways It s week 3 of our How Do You Roll Giveaway! Check out the giveaways for this week and enter daily now through Halloween for your chance to win. ﻿ ﻿ ﻿ ﻿ ﻿ ﻿ ﻿ ﻿ ﻿ ﻿ ﻿ ﻿ ﻿ ﻿ ﻿ ﻿ ﻿ ﻿ ﻿ ﻿ ﻿ ﻿ ﻿ ﻿ ﻿ ﻿ on Oct 2 Compose Ad deleted. "
"d7d1927d-b5fe-467d-97c7-d3850f3dd8b7","CLICKED_EVENT","1697014030221","com.google.android.gm","2d3231d1-78f2-4d2a-a2fe-42dce200ccd2","f289e900-1d69-498b-937e-815bbccf214b"," Promotions"
"d7d1927d-b5fe-467d-97c7-d3850f3dd8b7","CLICKED_EVENT","1697014029381","com.android.systemui","2d3231d1-78f2-4d2a-a2fe-42dce200ccd2","f289e900-1d69-498b-937e-815bbccf214b"," Back "
"d7d1927d-b5fe-467d-97c7-d3850f3dd8b7","SCREEN_TEXT","1697014028188","com.google.android.gm","2d3231d1-78f2-4d2a-a2fe-42dce200ccd2","f289e900-1d69-498b-937e-815bbccf214b","Social X (formerly Twitter) The Chuckling Cheese Company posted: 👻 🎃 HALLOWEEN COMPETITION! 👻... ‌ ‌ ‌ ‌ ‌ ‌ ‌ ‌ ‌ ‌ ‌ ‌ ‌ ‌ ‌ ‌ ‌ ‌ ‌ ‌ ‌ ‌ ‌ ‌ ‌ ‌ ‌ ‌ ‌ ‌ ‌ ‌ ‌ ‌ ‌ ‌ ‌ ‌ ‌ ‌ ‌ ‌ ‌ ‌ ‌ ‌ ‌ ‌ ‌ ‌ ‌ ‌ ‌ ‌ ‌ ‌ ‌ ‌ ‌ ‌ ‌ ‌ ‌ ‌ ‌ ‌ ‌ ‌ ‌ ‌ ‌ ‌ ‌ ‌ ‌ ‌ ‌ ‌ ‌ ‌ ‌ ‌ ‌ ‌ ‌ ‌ ‌ ‌ ‌ ‌ ‌ ‌ ‌ ‌ ‌ ‌ ‌ ‌ ‌ ‌ ‌ at 3:29 AM The Chuckling Cheese Company posted: 👻 🎃 HALLOWEEN COMPETITION! 👻... Inbox Forward Reply all Reply The Chuckling Cheese Company @ChucklingCheese 👻 🎃 HALLOWEEN COMPETITION! 👻 🎃 Compose Ad deleted. "
"d7d1927d-b5fe-467d-97c7-d3850f3dd8b7","SCREEN_TEXT","1697014024404","com.google.android.gm","2d3231d1-78f2-4d2a-a2fe-42dce200ccd2","f678584c-5e03-410f-87f7-b79960c40ed8","Forward Reply all Reply The Chuckling Cheese Company @ChucklingCheese 👻 🎃 HALLOWEEN COMPETITION! 👻 🎃 🎉 Like share & tag someone you d share it with! 🎉 To enter visit: zurl.co/nigz With 2.4kg of cheese this cake will feed approximately 20-25 people. Perfect for your spooktacular feast. 😋 #chucklingcheese #notjustcheese 240 230 260 The Chuckling Cheese Company posted: 👻 🎃 HALLOWEEN COMPETITION! 👻... Inbox X (formerly Twitter) 3:29 AM to me "
"d7d1927d-b5fe-467d-97c7-d3850f3dd8b7","CLICKED_EVENT","1697014022447","com.google.android.gm","2d3231d1-78f2-4d2a-a2fe-42dce200ccd2","6d90794f-7308-48eb-8da6-1220ae3cf084"," X (formerly Twitter)"
"d7d1927d-b5fe-467d-97c7-d3850f3dd8b7","SCREEN_TEXT","1697014021381","com.google.android.gm","2d3231d1-78f2-4d2a-a2fe-42dce200ccd2","6d90794f-7308-48eb-8da6-1220ae3cf084","Social Whole Foods Market Ad Savings across the store. Cozy up with savings at your local Whole Foods Market. Valid 10/4–10/10/23. Unread X (formerly Twitter) The Chuckling Cheese Company posted: 👻 🎃 HALLOWEEN COMPETITION! 👻... ‌ ‌ ‌ ‌ ‌ ‌ ‌ ‌ ‌ ‌ ‌ ‌ ‌ ‌ ‌ ‌ ‌ ‌ ‌ ‌ ‌ ‌ ‌ ‌ ‌ ‌ ‌ ‌ ‌ ‌ ‌ ‌ ‌ ‌ ‌ ‌ ‌ ‌ ‌ ‌ ‌ ‌ ‌ ‌ ‌ ‌ ‌ ‌ ‌ ‌ ‌ ‌ ‌ ‌ ‌ ‌ ‌ ‌ ‌ ‌ ‌ ‌ ‌ ‌ ‌ ‌ ‌ ‌ ‌ ‌ ‌ ‌ ‌ ‌ ‌ ‌ ‌ ‌ ‌ ‌ ‌ ‌ ‌ ‌ ‌ ‌ ‌ ‌ ‌ ‌ ‌ ‌ ‌ ‌ ‌ ‌ ‌ ‌ ‌ ‌ ‌ at 3:29 AM Compose Ad deleted. "
"d7d1927d-b5fe-467d-97c7-d3850f3dd8b7","CLICKED_EVENT","1697014019373","com.google.android.gm","2d3231d1-78f2-4d2a-a2fe-42dce200ccd2","86eff60a-6f85-40b4-a0f3-5bf0d4342906"," Social"
"d7d1927d-b5fe-467d-97c7-d3850f3dd8b7","SCREEN_TEXT","1697014018350","com.google.android.gm","2d3231d1-78f2-4d2a-a2fe-42dce200ccd2","86eff60a-6f85-40b4-a0f3-5bf0d4342906","Primary Account storage is full You might not be able to send or receive emails. To continue using Gmail clean up space or get more storage. Get storage Clean up space Promotions Love Bonito Karma Nuts Kohl’s 3 new Social X (formerly Twitter) 1 new Important Customer 7 messages You over charged me Hi again! Thank you for the reply I hope you are doing well today! I have gone ahead and started the refund for the $9 difference you paid this month! You can expect this refund to reach your account on Oct 9 Important Gatorade Casey s Sweepstakes Gatorade & Casey s Fuel Sports For All | You ve Won! Gatorade X Caseys | Winner You won a Casey s Gift Card! We ll mail your prize to the address you provided at registration. Please allow 6-8 weeks for fulfillment. Questions? Read our FAQs on on Oct 9 Important me 2 messages They Did WHAT for a SnackCrate? I had a ticket in my box for a free drink then you charged me 35 for the drink in my box instead of the 26 dollars that I pay On Sat Oct 7 2023 2:02 PM SnackCrate <noreply@snackcrate.com> on Oct 7 Important Lowe s Home Improvement Thanks for Your Order! #922282946 header-logo Thanks Matthew We ve Received Your Order Order # 922282946 Invoice # 79229 Placed October 7 2023 We ll get started on it and update you every step of the way. Please check store on Oct 6 Compose 1 deleted Undo "
"d7d1927d-b5fe-467d-97c7-d3850f3dd8b7","CLICKED_EVENT","1697014015912","com.android.systemui","2d3231d1-78f2-4d2a-a2fe-42dce200ccd2","c60bd850-53d8-405d-aee7-3dfa4b435075"," Home "
"d7d1927d-b5fe-467d-97c7-d3850f3dd8b7","SCREEN_TEXT","1697014014999","com.samsung.android.messaging","2d3231d1-78f2-4d2a-a2fe-42dce200ccd2","c60bd850-53d8-405d-aee7-3dfa4b435075","Baby Matthew Messages 9:36 PM 11:19 PM 11:21 PM Tuesday October 10 12:25 AM 11:07 PM 11:33 PM 11:34 PM Wednesday October 11 4:46 AM Messages Messages All ⁨Baby Matthew⁩ 4:46 AM ⁨If u stop can u get a chicken biscuit ⁩ ⁨Ms. Gena⁩ Oct 10 ⁨Ok we hope she gets to feeling better ⁩ ⁨Ann⁩ Oct 9 ⁨That s so great thank you⁩ ⁨Rose⁩ Oct 7 ⁨Love u guys emma said she loves u ⁩ ⁨+18653455752⁩ Oct 5 ⁨From Barnhill Pediatric Dentistry Jamie remember that Emma has a dental appointment Thursday October 19 2023 at 9:30 AM. (606) 526-9636⁩ ⁨86261⁩ Oct 4 ⁨Thanks for entering the USG Frito-Lay Snacks For A Year Sweeps! Your entry has been received successfully and you will be notified if you are a winner. ⁩ Conversations Contacts "
"d7d1927d-b5fe-467d-97c7-d3850f3dd8b7","CLICKED_EVENT","1697014014954","com.android.systemui","2d3231d1-78f2-4d2a-a2fe-42dce200ccd2","c60bd850-53d8-405d-aee7-3dfa4b435075"," Back "
"d7d1927d-b5fe-467d-97c7-d3850f3dd8b7","CLICKED_EVENT","1697014013092","com.android.systemui","2d3231d1-78f2-4d2a-a2fe-42dce200ccd2","91c4f99c-c2d5-480a-a9f3-5b0771e5f904"," Back "
"d7d1927d-b5fe-467d-97c7-d3850f3dd8b7","SCREEN_TEXT","1697014011938","com.samsung.android.messaging","2d3231d1-78f2-4d2a-a2fe-42dce200ccd2","91c4f99c-c2d5-480a-a9f3-5b0771e5f904","Baby Matthew Messages 11:21 PM Tuesday October 10 12:25 AM 11:07 PM 11:33 PM 11:34 PM "
"d7d1927d-b5fe-467d-97c7-d3850f3dd8b7","SCREEN_TEXT","1697014008900","com.samsung.android.messaging","2d3231d1-78f2-4d2a-a2fe-42dce200ccd2","c94c0016-fbd7-4645-9446-36ad2c7f1ccd","Baby Matthew Messages If u stop can u get a chicken biscuit 11:21 PM Tuesday October 10 12:25 AM 11:07 PM 11:33 PM 11:34 PM "
"d7d1927d-b5fe-467d-97c7-d3850f3dd8b7","CLICKED_EVENT","1697014006502","com.samsung.android.honeyboard","2d3231d1-78f2-4d2a-a2fe-42dce200ccd2","ff7754e3-9d89-4a65-bfc4-2da05961ea08"," biscuit "
"d7d1927d-b5fe-467d-97c7-d3850f3dd8b7","SCREEN_TEXT","1697014005891","com.samsung.android.messaging","2d3231d1-78f2-4d2a-a2fe-42dce200ccd2","ff7754e3-9d89-4a65-bfc4-2da05961ea08","Baby Matthew Messages If u stop can u get a chicken b 11:21 PM Tuesday October 10 12:25 AM 11:07 PM 11:33 PM 11:34 PM "
"d7d1927d-b5fe-467d-97c7-d3850f3dd8b7","SCREEN_TEXT","1697014002858","com.samsung.android.messaging","2d3231d1-78f2-4d2a-a2fe-42dce200ccd2","44d94ba4-196b-471e-923e-fe70a135e0a5","Baby Matthew Messages If u stop can u get a chicken bu 11:21 PM Tuesday October 10 12:25 AM 11:07 PM 11:33 PM 11:34 PM "
"d7d1927d-b5fe-467d-97c7-d3850f3dd8b7","SCREEN_TEXT","1697013999849","com.samsung.android.messaging","2d3231d1-78f2-4d2a-a2fe-42dce200ccd2","bcb3fb8d-7fb0-43d1-9c20-86356026c3bf","Baby Matthew Messages If u stop can u get a chicken b 11:21 PM Tuesday October 10 12:25 AM 11:07 PM 11:33 PM 11:34 PM "
"d7d1927d-b5fe-467d-97c7-d3850f3dd8b7","CLICKED_EVENT","1697013998491","com.samsung.android.honeyboard","2d3231d1-78f2-4d2a-a2fe-42dce200ccd2","9f626724-f1aa-410f-87dc-98f32cb57efe"," chicken "
"d7d1927d-b5fe-467d-97c7-d3850f3dd8b7","SCREEN_TEXT","1697013996841","com.samsung.android.messaging","2d3231d1-78f2-4d2a-a2fe-42dce200ccd2","9f626724-f1aa-410f-87dc-98f32cb57efe","Baby Matthew Messages If u stop can u get a 11:21 PM Tuesday October 10 12:25 AM 11:07 PM 11:33 PM 11:34 PM "
"d7d1927d-b5fe-467d-97c7-d3850f3dd8b7","SCREEN_TEXT","1697013993809","com.samsung.android.messaging","2d3231d1-78f2-4d2a-a2fe-42dce200ccd2","6c5a825a-85ac-4a33-a249-b9d2d8435eaa","Baby Matthew Messages If u stop 11:21 PM Tuesday October 10 12:25 AM 11:07 PM 11:33 PM 11:34 PM "
"d7d1927d-b5fe-467d-97c7-d3850f3dd8b7","SCREEN_TEXT","1697013990790","com.samsung.android.messaging","2d3231d1-78f2-4d2a-a2fe-42dce200ccd2","89e57f55-6f0a-46fd-be3a-8002f5d73a71","Baby Matthew Messages If u 11:21 PM Tuesday October 10 12:25 AM 11:07 PM 11:33 PM 11:34 PM "
"d7d1927d-b5fe-467d-97c7-d3850f3dd8b7","SCREEN_TEXT","1697013987744","com.samsung.android.messaging","2d3231d1-78f2-4d2a-a2fe-42dce200ccd2","fec998fa-480d-4475-8b14-e66028e4d522","Baby Matthew Messages If 11:21 PM Tuesday October 10 12:25 AM 11:07 PM 11:33 PM 11:34 PM "
"d7d1927d-b5fe-467d-97c7-d3850f3dd8b7","CLICKED_EVENT","1697013985294","com.samsung.android.messaging","2d3231d1-78f2-4d2a-a2fe-42dce200ccd2","efa2c3be-8829-46d3-be92-e501eeee8c8f"," ⁨Baby Matthew⁩"
"d7d1927d-b5fe-467d-97c7-d3850f3dd8b7","SCREEN_TEXT","1697013984729","com.samsung.android.messaging","2d3231d1-78f2-4d2a-a2fe-42dce200ccd2","efa2c3be-8829-46d3-be92-e501eeee8c8f","Messages Messages All ⁨Baby Matthew⁩ Oct 10 ⁨Love u honey ⁩ ⁨Ms. Gena⁩ Oct 10 ⁨Ok we hope she gets to feeling better ⁩ ⁨Ann⁩ Oct 9 ⁨That s so great thank you⁩ ⁨Rose⁩ Oct 7 ⁨Love u guys emma said she loves u ⁩ ⁨+18653455752⁩ Oct 5 ⁨From Barnhill Pediatric Dentistry Jamie remember that Emma has a dental appointment Thursday October 19 2023 at 9:30 AM. (606) 526-9636⁩ ⁨86261⁩ Oct 4 ⁨Thanks for entering the USG Frito-Lay Snacks For A Year Sweeps! Your entry has been received successfully and you will be notified if you are a winner. ⁩ Conversations Contacts "
"d7d1927d-b5fe-467d-97c7-d3850f3dd8b7","CLICKED_EVENT","1697013983996","com.samsung.android.messaging","2d3231d1-78f2-4d2a-a2fe-42dce200ccd2","0fa3590c-1703-4867-9cf8-938029dfe81b"," Move to Trash "
"d7d1927d-b5fe-467d-97c7-d3850f3dd8b7","CLICKED_EVENT","1697013981754","com.samsung.android.messaging","2d3231d1-78f2-4d2a-a2fe-42dce200ccd2","0fa3590c-1703-4867-9cf8-938029dfe81b"," Delete "
"d7d1927d-b5fe-467d-97c7-d3850f3dd8b7","SCREEN_TEXT","1697013981701","com.samsung.android.messaging","2d3231d1-78f2-4d2a-a2fe-42dce200ccd2","0fa3590c-1703-4867-9cf8-938029dfe81b","Move this conversation to the Trash? Also block this number Cancel Move to Trash "
"d7d1927d-b5fe-467d-97c7-d3850f3dd8b7","CLICKED_EVENT","1697013979209","com.android.systemui","2d3231d1-78f2-4d2a-a2fe-42dce200ccd2","10c6510f-4171-40a6-a28b-cdbba869dafb"," Back "
"d7d1927d-b5fe-467d-97c7-d3850f3dd8b7","SCREEN_TEXT","1697013978289","com.samsung.android.messaging","2d3231d1-78f2-4d2a-a2fe-42dce200ccd2","10c6510f-4171-40a6-a28b-cdbba869dafb","+18334172274 Messages This message is from an unsaved number. Beware of smishing and phishing. Block number Wednesday October 11 2:44 AM "
"d7d1927d-b5fe-467d-97c7-d3850f3dd8b7","CLICKED_EVENT","1697013977675","com.samsung.android.messaging","2d3231d1-78f2-4d2a-a2fe-42dce200ccd2","10c6510f-4171-40a6-a28b-cdbba869dafb"," ⁨+18334172274⁩"
"d7d1927d-b5fe-467d-97c7-d3850f3dd8b7","SESSION_START","1697013974858","null","2d3231d1-78f2-4d2a-a2fe-42dce200ccd2","10c6510f-4171-40a6-a28b-cdbba869dafb","null"
"d7d1927d-b5fe-467d-97c7-d3850f3dd8b7","CLICKED_EVENT","1697013974467","com.android.systemui","null","10c6510f-4171-40a6-a28b-cdbba869dafb"," OK "
"d7d1927d-b5fe-467d-97c7-d3850f3dd8b7","CLICKED_EVENT","1697013974285","com.android.systemui","null","10c6510f-4171-40a6-a28b-cdbba869dafb"," 1 "
"d7d1927d-b5fe-467d-97c7-d3850f3dd8b7","CLICKED_EVENT","1697013974019","com.android.systemui","null","10c6510f-4171-40a6-a28b-cdbba869dafb"," ABC"
"d7d1927d-b5fe-467d-97c7-d3850f3dd8b7","CLICKED_EVENT","1697013973452","com.android.systemui","null","10c6510f-4171-40a6-a28b-cdbba869dafb"," PQRS"
"d7d1927d-b5fe-467d-97c7-d3850f3dd8b7","CLICKED_EVENT","1697013973312","com.android.systemui","null","10c6510f-4171-40a6-a28b-cdbba869dafb"," 0 "
"d7d1927d-b5fe-467d-97c7-d3850f3dd8b7","SESSION_END","1697013686199","null","null","10c6510f-4171-40a6-a28b-cdbba869dafb","null"
"d7d1927d-b5fe-467d-97c7-d3850f3dd8b7","CLICKED_EVENT","1697013683459","com.android.systemui","null","0b986f0c-fa99-4e7e-b845-eaf5df9ca7e0"," Home "
"d7d1927d-b5fe-467d-97c7-d3850f3dd8b7","SCREEN_TEXT","1697013682680","com.facebook.katana","null","0b986f0c-fa99-4e7e-b845-eaf5df9ca7e0","Make a post on Facebook Create story Garish Gal Brittany Nichole Rachel Joy-Dimery Monopoly go! Sticker Trading + Donations Karen Collins Schlanger All I need are gold cards. So these extras are going to the 1st ones that request them. 1 per person. — ‌ feeling thoughtful. "
"d7d1927d-b5fe-467d-97c7-d3850f3dd8b7","CLICKED_EVENT","1697013681222","com.android.systemui","null","7af4a82d-db18-4fea-a7e6-4ee1d06602dc"," Back "
"d7d1927d-b5fe-467d-97c7-d3850f3dd8b7","SCREEN_TEXT","1697013670469","com.facebook.katana","null","082a62bf-4f8c-4ad5-82c0-6cd9bc6151f8","juwontrepreneur Follow If it doesn’t have me screeching like a howler monkey I don’t want it 😭 *The person in the video was/is completely fine* • Follow @juwontrepreneur for more relatable content! • #relationships #relatable #datingadvice #bf #gf #situationships #datingtips #explore #trending #juwontrepreneur schoolboymoo2 · Original audio Remix with Kenny Matthews 6.5K 64 1.3K Add a comment… Create "
"d7d1927d-b5fe-467d-97c7-d3850f3dd8b7","SCREEN_TEXT","1697013658374","com.facebook.orca","null","1997d871-7f41-4bac-ad6c-aa10728da748","Matt. Active 1 hour ago Reel by Outlaw Morgan 21K views · 664 reactions Facebook 2:56 AM Reel by Juwon Owolabi 🇳🇬 2.5K views · 1.2K shares Facebook Message "
"d7d1927d-b5fe-467d-97c7-d3850f3dd8b7","SCREEN_TEXT","1697013655318","com.facebook.orca","null","79d81485-833b-4b69-ae39-413157e379ee","Chats Search Your note Unread Matt Aldridge. Matt sent an attachment. · 2:56 AM Shang Bethany. You: Thank u · 11:49 PM Barbara Anderson. Yup but no choice · 8:54 PM Marketplace Last message · Mon Lexis Lexis. Ok · Sep 23 Redline Repair. Sounds good Thank you. · Jul 27 Alexis Piechoski. Chats Calls People Stories "
"d7d1927d-b5fe-467d-97c7-d3850f3dd8b7","CLICKED_EVENT","1697013651220","com.android.systemui","null","d05c5a43-536c-4723-b8c0-01ea120dc201"," Home "
"d7d1927d-b5fe-467d-97c7-d3850f3dd8b7","SCREEN_TEXT","1697013645685","com.google.android.gm","null","d05c5a43-536c-4723-b8c0-01ea120dc201","You were refunded $9 Important Inbox Cash App 2:44 AM to me Forward Reply all Reply "
"d7d1927d-b5fe-467d-97c7-d3850f3dd8b7","CLICKED_EVENT","1697013645126","com.google.android.gm","null","f2de249c-308e-4861-a1f4-98f1e39dcd62"," Cash App"
"d7d1927d-b5fe-467d-97c7-d3850f3dd8b7","SCREEN_TEXT","1697013642380","com.google.android.gm","null","f2de249c-308e-4861-a1f4-98f1e39dcd62","Compose "
"d7d1927d-b5fe-467d-97c7-d3850f3dd8b7","SESSION_START","1697013974","null","2d3231d1-78f2-4d2a-a2fe-42dce200ccd2","10c6510f-4171-40a6-a28b-cdbba869dafb","null"
