"id_user","file","zipFileId","apk","id_session","id_segment","app","text","weekday","t_epoch_ts_ms","t_natural_utc_ts","t_natural_utc_second_ts","t_natural_utc_day_ts"
"d7d1927d-b5fe-467d-97c7-d3850f3dd8b7","/data/user/0/com.screenlake/files/img_01aebede-1d02-468c-af24-089e4ad7a1ec_2023_10_10_20_57_19_364.jpg","image_zip_0edb6b9c-052d-4270-9175-13964d3d9258_109.zip","com.facebook.katana","2d3231d1-78f2-4d2a-a2fe-42dce200ccd2","84bb2fda-24ef-4f35-8d0d-e00c58a15102","","getefarded for shopping your nb il 7259 q o making kids school lunches with today s grocery prices se eo a dh will arks folowl 22","Tue","1696985839365","2023-10-11T00:57:19.365Z","20:57:19","10/10/2023"
"d7d1927d-b5fe-467d-97c7-d3850f3dd8b7","/data/user/0/com.screenlake/files/img_580ea282-dab8-4c8e-8afd-c96337d12bfe_2023_10_10_20_57_15_848.jpg","image_zip_0edb6b9c-052d-4270-9175-13964d3d9258_109.zip","com.facebook.katana","2d3231d1-78f2-4d2a-a2fe-42dce200ccd2","84bb2fda-24ef-4f35-8d0d-e00c58a15102","","857a pe sb sr be 7 1 oso sre ss pasta se a on ie ey ey be a et x sl 0 4 sk ee y pe sex fact j re cap lets b i oo rr j 3 fig ny e y ap the dy we ww is le l j ae by bade ge wr / se ey 3 a 5 ge wi 5 38 es ha ib oa 2 re 23 23k/ pg a a no 2 gre py 8 f an cy 2 how z we 91 2 23 relationship l follow 40 py all these things are important b more 112 af jj felixthelst own e vee add a comment","Tue","1696985835850","2023-10-11T00:57:15.850Z","20:57:15","10/10/2023"
"d7d1927d-b5fe-467d-97c7-d3850f3dd8b7","/data/user/0/com.screenlake/files/img_b839c03c-a265-46e6-a973-1c8c94fc88b8_2023_10_10_20_57_12_358.jpg","image_zip_0edb6b9c-052d-4270-9175-13964d3d9258_109.zip","com.facebook.katana","2d3231d1-78f2-4d2a-a2fe-42dce200ccd2","84bb2fda-24ef-4f35-8d0d-e00c58a15102","","857a ie eis ss ow i 7298 4 pl a my nps i has we fe 0s tid feat ene 3 i sex 3 r 1 zm yr se on ws po a i k igh 1 n a aa sex fact 25 he 1 i 4 wn xxx sad seatinglchocolate la le ag n ape beforefsex va x can or 2 pd fe el tra i y ry i en a bz 5 4 9 yd ee wt ol tp i wr pe gy 2 u 3 1 pons y bol by a 3 fe n lz relationship q fo low all these things are important b more 112 ir of felix coe","Tue","1696985832359","2023-10-11T00:57:12.359Z","20:57:12","10/10/2023"
"d7d1927d-b5fe-467d-97c7-d3850f3dd8b7","/data/user/0/com.screenlake/files/img_17546f8a-4952-4e33-a965-9bb4f9c210c9_2023_10_10_20_57_08_703.jpg","image_zip_0edb6b9c-052d-4270-9175-13964d3d9258_109.zip","com.facebook.katana","2d3231d1-78f2-4d2a-a2fe-42dce200ccd2","84bb2fda-24ef-4f35-8d0d-e00c58a15102","","857a a gk ox br ae e8era al mew ge l720 a nl sv as tv l a 2 a 2 qp0 te a wh sae nn c rs ay 1 7 aa z ve jif a os j ow h3 7 l ww oe i fee a sex fact f ai 4 jeatinglchocolate 4 ys ff ra beforessex 5 a 7 gui k f eb a ut z oq nn yy o es 7 car g o 4 go ve i 1 to ty h a i le 4 fie he a va a al akg es 423k et z np rt g o wr a sz b hot t a a bg 4 pi 5 a of 4 all these things are important b more 112 ji ist own brand fre eee add a comment","Tue","1696985828704","2023-10-11T00:57:08.704Z","20:57:08","10/10/2023"
"d7d1927d-b5fe-467d-97c7-d3850f3dd8b7","/data/user/0/com.screenlake/files/img_b60ef969-2cb8-4de5-b4bd-521e69e507ad_2023_10_10_20_57_05_258.jpg","image_zip_0edb6b9c-052d-4270-9175-13964d3d9258_109.zip","com.facebook.katana","2d3231d1-78f2-4d2a-a2fe-42dce200ccd2","84bb2fda-24ef-4f35-8d0d-e00c58a15102","","857 a xf brill 72 m gq o f jor o v a st 4 bas bb lm fe ee ch or la pass pic a q 132 o comoticia the power of a dad in a child s lif more ggg j3 mofficial original eee add a comment","Tue","1696985825258","2023-10-11T00:57:05.258Z","20:57:05","10/10/2023"
"d7d1927d-b5fe-467d-97c7-d3850f3dd8b7","/data/user/0/com.screenlake/files/img_c5152966-2ad4-4732-9f59-7a45c334fd60_2023_10_10_20_57_01_797.jpg","image_zip_0edb6b9c-052d-4270-9175-13964d3d9258_109.zip","com.facebook.katana","2d3231d1-78f2-4d2a-a2fe-42dce200ccd2","84bb2fda-24ef-4f35-8d0d-e00c58a15102","","857 a ncr 725 cl a o / j i 3 i s to b a x bs 3 po a t boy can i have a hug a aycomofficial pn the power of a dad in a child s lif more ggg ip aycomofficia eee add a comment","Tue","1696985821798","2023-10-11T00:57:01.798Z","20:57:01","10/10/2023"
"d7d1927d-b5fe-467d-97c7-d3850f3dd8b7","/data/user/0/com.screenlake/files/img_e7fd2a38-51c4-4a35-943b-a2ab2b795913_2023_10_10_20_56_58_352.jpg","image_zip_0edb6b9c-052d-4270-9175-13964d3d9258_109.zip","com.facebook.katana","2d3231d1-78f2-4d2a-a2fe-42dce200ccd2","84bb2fda-24ef-4f35-8d0d-e00c58a15102","","856 a mr 72m bg q o 5 i ye t 2 / / j i wy x t y y y ce b a tr one eo vey a et be obs at / ho tht oro dh ne tah dad what a 132 3 aycomofficial 5 the power of adad in a child s lif more 3 gx 3 al original audio eee add a comment","Tue","1696985818355","2023-10-11T00:56:58.355Z","20:56:58","10/10/2023"
"d7d1927d-b5fe-467d-97c7-d3850f3dd8b7","/data/user/0/com.screenlake/files/img_37b716c6-8c72-40f8-8d9f-ce5d886c6721_2023_10_10_20_56_54_937.jpg","image_zip_0edb6b9c-052d-4270-9175-13964d3d9258_109.zip","com.facebook.katana","2d3231d1-78f2-4d2a-a2fe-42dce200ccd2","84bb2fda-24ef-4f35-8d0d-e00c58a15102","","856 a yang 725 ay b q o 5 et et ae ta fs f fa 2 ia a laa i ay x se ge 0 i j res ho 2 elid d y a et ee tl o dra an bk gaa re ts hie ed fc ne ca el prr near tp ine a ln rr fe a sr pe nn o comorica follow e52 the power of a dad in a child s life is a unmatched less 36k j3 aycomofficial orig eos add a comment 5","Tue","1696985814937","2023-10-11T00:56:54.937Z","20:56:54","10/10/2023"
"d7d1927d-b5fe-467d-97c7-d3850f3dd8b7","/data/user/0/com.screenlake/files/img_36cee269-5391-4716-ab97-f6bb33bcf421_2023_10_10_20_56_51_458.jpg","image_zip_0edb6b9c-052d-4270-9175-13964d3d9258_109.zip","com.facebook.katana","2d3231d1-78f2-4d2a-a2fe-42dce200ccd2","84bb2fda-24ef-4f35-8d0d-e00c58a15102","","856 a vnr t2m l/s / bn gd ss fr i an yo 2 ox x / go ohi nl 2 ey yo i 1 sa 5 j i ny ee re sh roa oe choa oa y 3 s co x par f a il aik 4 yg a ea a tg re oy le hy ah pe trcn lo tl pe nn tev rn taran or ce ve jo 132 a aycomofficial follow pn the power of a dad in a child s lif more 3x ipl jinal audio ay xxx add a comment","Tue","1696985811459","2023-10-11T00:56:51.459Z","20:56:51","10/10/2023"
"d7d1927d-b5fe-467d-97c7-d3850f3dd8b7","/data/user/0/com.screenlake/files/img_33ce775b-4b4c-40fb-b0d1-5f575b13a042_2023_10_10_20_56_47_996.jpg","image_zip_0edb6b9c-052d-4270-9175-13964d3d9258_109.zip","com.facebook.katana","2d3231d1-78f2-4d2a-a2fe-42dce200ccd2","84bb2fda-24ef-4f35-8d0d-e00c58a15102","","856 a ner t2e create o neve le cs ig n ea 3 s bag is had 3 5 a 4 2tnslppbntso i2 i 453 48 miranda va follow 5 baby babygirl cutebaby ado more 8 7 miranda vance oric tt add a comment 5","Tue","1696985807997","2023-10-11T00:56:47.997Z","20:56:47","10/10/2023"
"d7d1927d-b5fe-467d-97c7-d3850f3dd8b7","/data/user/0/com.screenlake/files/img_fe24a88f-79d3-4ec2-8b02-31028b3b431f_2023_10_10_20_56_44_561.jpg","image_zip_0edb6b9c-052d-4270-9175-13964d3d9258_109.zip","com.facebook.katana","2d3231d1-78f2-4d2a-a2fe-42dce200ccd2","84bb2fda-24ef-4f35-8d0d-e00c58a15102","","856 a nr 728 create o fs oa n f f s ny 3 r71 e a r a 2tnslppbntso idl i 453 48 miranda va follow 5 baby babygirl cutebaby ado more 8 ip udio miranda coe add a comment 5","Tue","1696985804562","2023-10-11T00:56:44.562Z","20:56:44","10/10/2023"
"d7d1927d-b5fe-467d-97c7-d3850f3dd8b7","/data/user/0/com.screenlake/files/img_ca9ba470-4ce9-4b1d-a6cc-53f42e282a0e_2023_10_10_20_56_41_108.jpg","image_zip_0edb6b9c-052d-4270-9175-13964d3d9258_109.zip","com.facebook.katana","2d3231d1-78f2-4d2a-a2fe-42dce200ccd2","84bb2fda-24ef-4f35-8d0d-e00c58a15102","","856 a nl 72m create oe 0 ido gh 4 a a a j 4 o a e o nr i cdl a p 2 ty 2tnslppbntso dl give hy 453 i 48 miranda va follow 5 baby babygirl cutebaby ado more 8 j3 vance original auc ese add a comment 3b","Tue","1696985801108","2023-10-11T00:56:41.108Z","20:56:41","10/10/2023"
"d7d1927d-b5fe-467d-97c7-d3850f3dd8b7","/data/user/0/com.screenlake/files/img_02e41eef-e8f2-4186-b1f7-91ad60559f16_2023_10_10_20_56_37_556.jpg","image_zip_0edb6b9c-052d-4270-9175-13964d3d9258_109.zip","com.facebook.katana","2d3231d1-78f2-4d2a-a2fe-42dce200ccd2","84bb2fda-24ef-4f35-8d0d-e00c58a15102","","856 a nr 725 8 te ml 1d like reply ie rick more dont make no since 1d like reply is amber causey hawk 2 googled it and it doesn t make any since at all you got you peepee very stiff2 really2 stupid y all google it and se what y all find 1d like reply albert swart 8 stupid 9h like reply april van duyne kaklamanos dumb and useless in english say that it s spanish then maybe it will be funny 20h like reply 10 write a comment o","Tue","1696985797557","2023-10-11T00:56:37.557Z","20:56:37","10/10/2023"
"d7d1927d-b5fe-467d-97c7-d3850f3dd8b7","/data/user/0/com.screenlake/files/img_cf985f8c-61b4-46fb-8d7b-26dd3c11f7d3_2023_10_10_20_56_34_124.jpg","image_zip_0edb6b9c-052d-4270-9175-13964d3d9258_109.zip","com.facebook.katana","2d3231d1-78f2-4d2a-a2fe-42dce200ccd2","84bb2fda-24ef-4f35-8d0d-e00c58a15102","","856 a n aral 72 te ml 1d like reply ie rick more dont make no since 1d like reply is amber causey hawk 2 googled it and it doesn t make any since at all you got you peepee very stiff2 really2 stupid y all google it and se what y all find 1d like reply albert swart 8 stupid 9h like reply april van duyne kaklamanos dumb and useless in english say that it s spanish then maybe it will be funny 20h like reply 10 write a comment o","Tue","1696985794125","2023-10-11T00:56:34.125Z","20:56:34","10/10/2023"
"d7d1927d-b5fe-467d-97c7-d3850f3dd8b7","/data/user/0/com.screenlake/files/img_c414f84a-42ed-490e-ab5c-11365013d823_2023_10_10_20_56_30_699.jpg","image_zip_0edb6b9c-052d-4270-9175-13964d3d9258_109.zip","com.facebook.katana","2d3231d1-78f2-4d2a-a2fe-42dce200ccd2","84bb2fda-24ef-4f35-8d0d-e00c58a15102","","856 a nf anil 72 ve 1d like reply wb rick more dont make no since 1d like reply as amber causey hawk 4 i googled it and it doesn t make any since at all you got you peepee very stiff2 really2 stupid y all google it and se what y all find 1d like reply a albert swart 3 stupid 9h like reply 8 april van duyne kaklamanos dumb and useless in english say that it s spanish then maybe it will be funny 20h like reply 10 write a comment o","Tue","1696985790699","2023-10-11T00:56:30.699Z","20:56:30","10/10/2023"
"d7d1927d-b5fe-467d-97c7-d3850f3dd8b7","/data/user/0/com.screenlake/files/img_953d5386-216f-4867-806c-83ee78592be6_2023_10_10_20_56_27_320.jpg","image_zip_0edb6b9c-052d-4270-9175-13964d3d9258_109.zip","com.facebook.katana","2d3231d1-78f2-4d2a-a2fe-42dce200ccd2","84bb2fda-24ef-4f35-8d0d-e00c58a15102","","856 a nr 72 te translates to your weenie is stiff 2d like reply 220s view replies olga de leon what777 2d like reply kayla herbert i don t even know what it means 2d like reply 10 6g benny bendit whatever that is the husband got back at the wife from all her jokes dirty jokes 2d like reply 2q view replies andrew elliott don t get it772 write a comment i o","Tue","1696985787320","2023-10-11T00:56:27.320Z","20:56:27","10/10/2023"
"d7d1927d-b5fe-467d-97c7-d3850f3dd8b7","/data/user/0/com.screenlake/files/img_bae07663-2034-4165-8748-6f63bb518441_2023_10_10_20_56_23_919.jpg","image_zip_0edb6b9c-052d-4270-9175-13964d3d9258_109.zip","com.facebook.katana","2d3231d1-78f2-4d2a-a2fe-42dce200ccd2","84bb2fda-24ef-4f35-8d0d-e00c58a15102","","856 a nf anil 72 te l 4 stupid is as stupid does 13h like reply i top fan aaron clayson tu tienes el pipi tieso which translates to your weenie is stiff 2d like reply 20s view replies olga de leon what777 2d like reply ng kayla herbert i don t even know what it means 2d like reply 1q 6g benny bendit whatever that is the husband got back at the wife from all her jokes dirty jokes write a comment o","Tue","1696985783920","2023-10-11T00:56:23.920Z","20:56:23","10/10/2023"
"d7d1927d-b5fe-467d-97c7-d3850f3dd8b7","/data/user/0/com.screenlake/files/img_78f74d85-b589-4590-b88c-6ecb0e732429_2023_10_10_20_56_20_458.jpg","image_zip_0edb6b9c-052d-4270-9175-13964d3d9258_109.zip","com.facebook.katana","2d3231d1-78f2-4d2a-a2fe-42dce200ccd2","84bb2fda-24ef-4f35-8d0d-e00c58a15102","","856 a n dra 72m te ri f i ry nati said 2d like reply 2q dp david witt stupid is as stupid does 13h like reply i top fan aaron clayson tu tienes el pipi tieso which translates to your weenie is stiff 2d like reply 2q view replies olga de leon what777 2d like reply ng kayla herbert i don t even know what it means 2d like reply 1q write a comment i o","Tue","1696985780459","2023-10-11T00:56:20.459Z","20:56:20","10/10/2023"
"d7d1927d-b5fe-467d-97c7-d3850f3dd8b7","/data/user/0/com.screenlake/files/img_47d36f41-b596-406a-a984-305c6ee011e5_2023_10_10_20_56_16_959.jpg","image_zip_0edb6b9c-052d-4270-9175-13964d3d9258_109.zip","com.facebook.katana","2d3231d1-78f2-4d2a-a2fe-42dce200ccd2","84bb2fda-24ef-4f35-8d0d-e00c58a15102","","856 a n dra 72m te ri f i ry nati said 2d like reply 2q dp david witt stupid is as stupid does 13h like reply i top fan aaron clayson tu tienes el pipi tieso which translates to your weenie is stiff 2d like reply 2q view replies olga de leon what777 2d like reply ng kayla herbert i don t even know what it means 2d like reply 1q write a comment i o","Tue","1696985776960","2023-10-11T00:56:16.960Z","20:56:16","10/10/2023"
"d7d1927d-b5fe-467d-97c7-d3850f3dd8b7","/data/user/0/com.screenlake/files/img_694f99a7-a323-4412-aba6-45445e1f5a44_2023_10_10_20_56_13_511.jpg","image_zip_0edb6b9c-052d-4270-9175-13964d3d9258_109.zip","com.facebook.katana","2d3231d1-78f2-4d2a-a2fe-42dce200ccd2","84bb2fda-24ef-4f35-8d0d-e00c58a15102","","856 a n dra 72m te ri f i ry nati said 2d like reply 2q dp david witt stupid is as stupid does 13h like reply i top fan aaron clayson tu tienes el pipi tieso which translates to your weenie is stiff 2d like reply 2q view replies olga de leon what777 2d like reply ng kayla herbert i don t even know what it means 2d like reply 1q write a comment i o","Tue","1696985773511","2023-10-11T00:56:13.511Z","20:56:13","10/10/2023"
"d7d1927d-b5fe-467d-97c7-d3850f3dd8b7","/data/user/0/com.screenlake/files/img_de5fe760-0da4-4b9d-9494-160d84227c86_2023_10_10_20_56_09_975.jpg","image_zip_0edb6b9c-052d-4270-9175-13964d3d9258_109.zip","com.facebook.katana","2d3231d1-78f2-4d2a-a2fe-42dce200ccd2","84bb2fda-24ef-4f35-8d0d-e00c58a15102","","856 a nd 72 8 te ri f 2d like reply 2 dd karen lowe by 07 2d like reply james thompson what the hell does that mean 2d like reply 12q tiffany long james thompson that what i said 2d like reply 20 bf david witt stupid is as stupid does 13h like reply top fan aaron clayson tu tienes el pipi tieso which translates to your weenie is stiff write a comment 11 o","Tue","1696985769976","2023-10-11T00:56:09.976Z","20:56:09","10/10/2023"
"d7d1927d-b5fe-467d-97c7-d3850f3dd8b7","/data/user/0/com.screenlake/files/img_784f5df0-a53f-4b8d-aa01-29c87ead76a5_2023_10_10_20_56_06_542.jpg","image_zip_0edb6b9c-052d-4270-9175-13964d3d9258_109.zip","com.facebook.katana","2d3231d1-78f2-4d2a-a2fe-42dce200ccd2","84bb2fda-24ef-4f35-8d0d-e00c58a15102","","856 a ne anil 72 te hy most relevant v don helms it s spanish he is getting back at her for all the dirty jokes she said lol 2d like reply 20 karen uridge 8 2279777 2d like reply iy sharni tilbury what777 2d like reply 2o karen lowe ym 2d like reply james thompson 2 what the hell does that mean write a comment i o","Tue","1696985766542","2023-10-11T00:56:06.542Z","20:56:06","10/10/2023"
"d7d1927d-b5fe-467d-97c7-d3850f3dd8b7","/data/user/0/com.screenlake/files/img_e75a734a-5efc-4995-a147-bd59aea2b89e_2023_10_10_20_56_03_131.jpg","image_zip_0edb6b9c-052d-4270-9175-13964d3d9258_109.zip","com.facebook.katana","2d3231d1-78f2-4d2a-a2fe-42dce200ccd2","84bb2fda-24ef-4f35-8d0d-e00c58a15102","","856 a ne anil 72 te hy most relevant v don helms it s spanish he is getting back at her for all the dirty jokes she said lol 2d like reply 20 karen uridge 8 2279777 2d like reply iy sharni tilbury what777 2d like reply 2o karen lowe ym 2d like reply james thompson 2 what the hell does that mean write a comment i o","Tue","1696985763132","2023-10-11T00:56:03.132Z","20:56:03","10/10/2023"
"d7d1927d-b5fe-467d-97c7-d3850f3dd8b7","/data/user/0/com.screenlake/files/img_7a09132b-c69c-4a32-ad44-194298717078_2023_10_10_20_55_59_542.jpg","image_zip_0edb6b9c-052d-4270-9175-13964d3d9258_109.zip","com.facebook.katana","2d3231d1-78f2-4d2a-a2fe-42dce200ccd2","84bb2fda-24ef-4f35-8d0d-e00c58a15102","","855 a nl 72 pe ee oo create o fy z mee al 0 a 4 i 2tnslppbntso f is 453 48 miranda va follow 5 baby babygirl cutebaby ado more 8 j3 miranda vance ori ty add a comment 5","Tue","1696985759542","2023-10-11T00:55:59.542Z","20:55:59","10/10/2023"
"d7d1927d-b5fe-467d-97c7-d3850f3dd8b7","/data/user/0/com.screenlake/files/img_da213232-fab1-45ad-a411-be54feec64c4_2023_10_10_20_55_56_111.jpg","image_zip_0edb6b9c-052d-4270-9175-13964d3d9258_109.zip","com.facebook.katana","2d3231d1-78f2-4d2a-a2fe-42dce200ccd2","84bb2fda-24ef-4f35-8d0d-e00c58a15102","","855a ner t72e 0 a fe 5 i 3 y rn bo a j a a ee ag cu 2tnslppbntso jf i 453 48 miranda va follow hbaby babygirl cutebaby ado more 8 lg audio 0 miran xx","Tue","1696985756112","2023-10-11T00:55:56.112Z","20:55:56","10/10/2023"
"d7d1927d-b5fe-467d-97c7-d3850f3dd8b7","/data/user/0/com.screenlake/files/img_9338daf0-8045-440a-b66e-e6b67b5fb9ab_2023_10_10_20_55_52_679.jpg","image_zip_0edb6b9c-052d-4270-9175-13964d3d9258_109.zip","com.facebook.katana","2d3231d1-78f2-4d2a-a2fe-42dce200ccd2","84bb2fda-24ef-4f35-8d0d-e00c58a15102","","855a nf bl 72 8 res kh 3 ry he loy wast a o ta w tr i i 27 4 a 2tnslppbnt50 1 453 48 miranda va follow pn baby babygirl cutebaby ado more 8 j la vance original a cee add a comment 5","Tue","1696985752680","2023-10-11T00:55:52.680Z","20:55:52","10/10/2023"
"d7d1927d-b5fe-467d-97c7-d3850f3dd8b7","/data/user/0/com.screenlake/files/img_7961ca37-58fe-49e3-b26f-d2e43297dcf1_2023_10_10_20_55_49_269.jpg","image_zip_0edb6b9c-052d-4270-9175-13964d3d9258_109.zip","com.facebook.katana","2d3231d1-78f2-4d2a-a2fe-42dce200ccd2","84bb2fda-24ef-4f35-8d0d-e00c58a15102","","855 a nr 728 agi or pl ea en y 2tnslppbnts0 44 13 453 q 48 miranda va follow 2 baby babygirl cutebaby ado more 8 jel miranda vance cee add a comment 5","Tue","1696985749270","2023-10-11T00:55:49.270Z","20:55:49","10/10/2023"
"d7d1927d-b5fe-467d-97c7-d3850f3dd8b7","/data/user/0/com.screenlake/files/img_65c65556-208d-4f82-ae22-e5fc1550fe36_2023_10_10_20_55_45_835.jpg","image_zip_0edb6b9c-052d-4270-9175-13964d3d9258_109.zip","com.facebook.katana","2d3231d1-78f2-4d2a-a2fe-42dce200ccd2","84bb2fda-24ef-4f35-8d0d-e00c58a15102","","855 a n rl 725e l 4 4 ay el a ad s a f 2tnslppbntso bf 453 48 miranda va follow 5 baby babygirl cutebaby ado more 8 j3 original audio cee add a comment 5","Tue","1696985745836","2023-10-11T00:55:45.836Z","20:55:45","10/10/2023"
"d7d1927d-b5fe-467d-97c7-d3850f3dd8b7","/data/user/0/com.screenlake/files/img_7f6bb7a7-0c06-4c96-9733-e94d838daa52_2023_10_10_20_55_42_423.jpg","image_zip_0edb6b9c-052d-4270-9175-13964d3d9258_109.zip","com.facebook.katana","2d3231d1-78f2-4d2a-a2fe-42dce200ccd2","84bb2fda-24ef-4f35-8d0d-e00c58a15102","","855 a n drill 72m q o dh i wn br a2 a 4 ge na aa sc y o a ld q 010 004 5 es 1 pr a i ji j j j a oh dev e 2 011 007 047 only you can see this unless you share turn your moments into a reel you can use videos from your gallery to get started create reel e000","Tue","1696985742424","2023-10-11T00:55:42.424Z","20:55:42","10/10/2023"
"d7d1927d-b5fe-467d-97c7-d3850f3dd8b7","/data/user/0/com.screenlake/files/img_ee316946-6d00-4cbb-84c6-072d35921250_2023_10_10_20_55_38_979.jpg","image_zip_0edb6b9c-052d-4270-9175-13964d3d9258_109.zip","com.facebook.katana","2d3231d1-78f2-4d2a-a2fe-42dce200ccd2","84bb2fda-24ef-4f35-8d0d-e00c58a15102","","855 a nal 72 mw p fl x i yy r9 a qo i e oc gal b l 1 i if in of l w 4 ae j vg a ed bh j 3 ot 4 tnr 2 a es 222 we l a dull aid re i vr a f 2 lily lt ailine / a 4 tattedgingy iy 5 got em 654 ip jinal audio te ooo add a comment o","Tue","1696985738980","2023-10-11T00:55:38.980Z","20:55:38","10/10/2023"
"d7d1927d-b5fe-467d-97c7-d3850f3dd8b7","/data/user/0/com.screenlake/files/img_a4a461cd-fb79-44b1-9a5a-d1e79923e17b_2023_10_10_20_55_35_557.jpg","image_zip_0edb6b9c-052d-4270-9175-13964d3d9258_109.zip","com.facebook.katana","2d3231d1-78f2-4d2a-a2fe-42dce200ccd2","84bb2fda-24ef-4f35-8d0d-e00c58a15102","","855 a nl 72 q o h a 4 ny 22k 57 6d tattedgingy follow gotem 654 jj tattedgingy origin eee add a comment","Tue","1696985735557","2023-10-11T00:55:35.557Z","20:55:35","10/10/2023"
"d7d1927d-b5fe-467d-97c7-d3850f3dd8b7","/data/user/0/com.screenlake/files/img_a3b2744e-2b8a-4064-b68c-a8eead898419_2023_10_10_20_55_32_115.jpg","image_zip_0edb6b9c-052d-4270-9175-13964d3d9258_109.zip","com.facebook.katana","2d3231d1-78f2-4d2a-a2fe-42dce200ccd2","84bb2fda-24ef-4f35-8d0d-e00c58a15102","","i a ive ms do fe w 22k / f 1 f rey a q grrl hy i 7 e rertedcingy 0 rs a got em 654 add a comment 5","Tue","1696985732115","2023-10-11T00:55:32.115Z","20:55:32","10/10/2023"
"d7d1927d-b5fe-467d-97c7-d3850f3dd8b7","/data/user/0/com.screenlake/files/img_c9fbd72a-f222-4372-aa02-027c5641e9c8_2023_10_10_20_55_28_697.jpg","image_zip_0edb6b9c-052d-4270-9175-13964d3d9258_109.zip","com.facebook.katana","2d3231d1-78f2-4d2a-a2fe-42dce200ccd2","84bb2fda-24ef-4f35-8d0d-e00c58a15102","","855 a nf dru 72m quo ee 3 k give asked my friends to send me a video of them holdifg o an any object while nodding gy a 57 tattedgingy follow pn gotem 654 j dgingy original at cee","Tue","1696985728698","2023-10-11T00:55:28.698Z","20:55:28","10/10/2023"
"d7d1927d-b5fe-467d-97c7-d3850f3dd8b7","/data/user/0/com.screenlake/files/img_e8776777-028f-409d-94d3-eea58792a023_2023_10_10_20_55_25_173.jpg","image_zip_0edb6b9c-052d-4270-9175-13964d3d9258_109.zip","com.facebook.katana","2d3231d1-78f2-4d2a-a2fe-42dce200ccd2","84bb2fda-24ef-4f35-8d0d-e00c58a15102","","855 a 8 dl 72m a sr o q 0 od we or n ne but prn a een o give asked my friends to send me a video of them hold o any object while nodding a 57 tattedgingy follow py gotem 654 ip tattedgingy eee","Tue","1696985725173","2023-10-11T00:55:25.173Z","20:55:25","10/10/2023"
"d7d1927d-b5fe-467d-97c7-d3850f3dd8b7","/data/user/0/com.screenlake/files/img_81839851-9075-402f-9b7c-9d4a7294f332_2023_10_10_20_55_21_668.jpg","image_zip_0edb6b9c-052d-4270-9175-13964d3d9258_109.zip","com.facebook.katana","2d3231d1-78f2-4d2a-a2fe-42dce200ccd2","84bb2fda-24ef-4f35-8d0d-e00c58a15102","","855a ner 725 8 / ve 7 y y y j nn tt ever wondered what semen looks like under 2 the microscope 96k fa / 1 60 e299 yasien yaya fred follow p y yaya a social media is wild 789 dp be ici al remix with eee","Tue","1696985721669","2023-10-11T00:55:21.669Z","20:55:21","10/10/2023"
"d7d1927d-b5fe-467d-97c7-d3850f3dd8b7","/data/user/0/com.screenlake/files/img_5b06fe64-c3d0-4c1c-a8fd-37f8b998db34_2023_10_10_20_55_18_236.jpg","image_zip_0edb6b9c-052d-4270-9175-13964d3d9258_109.zip","com.facebook.katana","2d3231d1-78f2-4d2a-a2fe-42dce200ccd2","84bb2fda-24ef-4f35-8d0d-e00c58a15102","","855 a nrl 725a ry wl ih ad i rn n 4 ad i pp a a it mh n fy y a zn kto 0 a oh 5 sho nea j fe ny 4 o mo i a a we j a a i f 2 a 1 i shortredmond ford py now this truck will do exact more 5 52 rtredmond ford coe add a comment 5","Tue","1696985718236","2023-10-11T00:55:18.236Z","20:55:18","10/10/2023"
"d7d1927d-b5fe-467d-97c7-d3850f3dd8b7","/data/user/0/com.screenlake/files/img_6d8be79b-2030-4f0b-ba5b-26b33c48420a_2023_10_10_20_55_14_777.jpg","image_zip_0edb6b9c-052d-4270-9175-13964d3d9258_109.zip","com.facebook.katana","2d3231d1-78f2-4d2a-a2fe-42dce200ccd2","84bb2fda-24ef-4f35-8d0d-e00c58a15102","","855 a ne rl 72 8 a on t just another day in prek j wale ly y bo fo d w w020 ug dc d 2 pak wt am or neteteen ci nd 2 bit h ya /4 i yr na ey y rac wage ns 7 p ns 9 j p phe i seep a a wonder tea follow ps so happy she found it 44 cr more 216 j3 wonder teacher eee","Tue","1696985714778","2023-10-11T00:55:14.778Z","20:55:14","10/10/2023"
"d7d1927d-b5fe-467d-97c7-d3850f3dd8b7","/data/user/0/com.screenlake/files/img_d04408b3-aa00-49f6-9bfc-26fed06257ce_2023_10_10_20_55_11_286.jpg","image_zip_0edb6b9c-052d-4270-9175-13964d3d9258_109.zip","com.facebook.katana","2d3231d1-78f2-4d2a-a2fe-42dce200ccd2","84bb2fda-24ef-4f35-8d0d-e00c58a15102","","855 a nr 73e sc on just another day in prek a l 3 3 pe 1 tron 43 l tid mp eet ao k fe tw 1 era ar by an 3 3 i sr i 3 prer an e is py io q ars 4 wonder tea follow py so happy she found it 3 cr more 216 j3 original audio ooo","Tue","1696985711287","2023-10-11T00:55:11.287Z","20:55:11","10/10/2023"
"d7d1927d-b5fe-467d-97c7-d3850f3dd8b7","/data/user/0/com.screenlake/files/img_e83724b2-ec44-46e2-8efa-7d1957691b92_2023_10_10_20_55_07_778.jpg","image_zip_0edb6b9c-052d-4270-9175-13964d3d9258_109.zip","com.facebook.katana","2d3231d1-78f2-4d2a-a2fe-42dce200ccd2","84bb2fda-24ef-4f35-8d0d-e00c58a15102","","855 a nf dl 73m 0 n just another day in prek ll a see s 3 l f 1 nh wn pg bh me samt tt ot em jo 2 7 rie 5 x rd n i tas 2 4s r of i he it 4 2 nd eon 1 od d 41 wonder tea follow ps so happy she found it 4 cr more 14 j3 vonder teachers c eee add a comment 5","Tue","1696985707781","2023-10-11T00:55:07.781Z","20:55:07","10/10/2023"
"d7d1927d-b5fe-467d-97c7-d3850f3dd8b7","/data/user/0/com.screenlake/files/img_7785ea8b-8481-41dd-a752-9e841ea2d6dd_2023_10_10_20_55_04_214.jpg","image_zip_0edb6b9c-052d-4270-9175-13964d3d9258_109.zip","com.facebook.katana","2d3231d1-78f2-4d2a-a2fe-42dce200ccd2","84bb2fda-24ef-4f35-8d0d-e00c58a15102","","855 a nf 2 ll 73m 5 an 0g just another day in prek f 4 f 3 kg nue wy citt hw ncd wt j i 7 od l gh ca wand bh da ee ey ae a a ey ll b is ie or af q ff yb 41 wonder tea follow pn so happy she found it cr more 51g j3 dio wonder","Tue","1696985704215","2023-10-11T00:55:04.215Z","20:55:04","10/10/2023"
"d7d1927d-b5fe-467d-97c7-d3850f3dd8b7","/data/user/0/com.screenlake/files/img_2803ecf7-028e-44da-b7db-196cbc3abdcf_2023_10_10_20_55_00_825.jpg","image_zip_0edb6b9c-052d-4270-9175-13964d3d9258_109.zip","com.facebook.katana","2d3231d1-78f2-4d2a-a2fe-42dce200ccd2","84bb2fda-24ef-4f35-8d0d-e00c58a15102","","create when he s a grower not a shower bs 7 n i an sy 4 e35 5 9 4 tr 10 wo 126 nas tinderfeed follow 2 grower or shower2 more 344 j3 tinderfeed orig eee add a comment","Tue","1696985700825","2023-10-11T00:55:00.825Z","20:55:00","10/10/2023"
"d7d1927d-b5fe-467d-97c7-d3850f3dd8b7","/data/user/0/com.screenlake/files/img_1f36aac6-fe89-45f3-9ad9-a1b7ec35ecf0_2023_10_10_20_54_57_220.jpg","image_zip_0edb6b9c-052d-4270-9175-13964d3d9258_109.zip","com.facebook.katana","2d3231d1-78f2-4d2a-a2fe-42dce200ccd2","84bb2fda-24ef-4f35-8d0d-e00c58a15102","","854 a nea 73 8 ao oct nov only in east tni santa is coming to towni i 81 q 5 a the wonder of santa 5 we q sponsored east tenn momsi capture yo more ee","Tue","1696985697220","2023-10-11T00:54:57.220Z","20:54:57","10/10/2023"
"d7d1927d-b5fe-467d-97c7-d3850f3dd8b7","/data/user/0/com.screenlake/files/img_519a4b1e-f88c-4b7c-8fe4-c1eae3df6884_2023_10_10_20_54_53_751.jpg","image_zip_0edb6b9c-052d-4270-9175-13964d3d9258_109.zip","com.facebook.katana","2d3231d1-78f2-4d2a-a2fe-42dce200ccd2","84bb2fda-24ef-4f35-8d0d-e00c58a15102","","854 a x cnr 739e create e tell me you have a l mommys boy without telling me l o r n cc r 223 rg nplanet follow or ivenplane fo 5 mommy s boy w momm more 5k ip livenplanet c lee add a comment","Tue","1696985693752","2023-10-11T00:54:53.752Z","20:54:53","10/10/2023"
"d7d1927d-b5fe-467d-97c7-d3850f3dd8b7","/data/user/0/com.screenlake/files/img_6e20db2a-3eff-4be6-a5ba-f3fdcbbc5365_2023_10_10_20_54_50_301.jpg","image_zip_0edb6b9c-052d-4270-9175-13964d3d9258_109.zip","com.facebook.katana","2d3231d1-78f2-4d2a-a2fe-42dce200ccd2","84bb2fda-24ef-4f35-8d0d-e00c58a15102","","i erm l 2 fo ar create v al re cs y 1 ry je ra k b ya o 5 fy en g ps oo i j oz a py pt b ha / k pn 07 g i bh oo j ctor e oy 109 o ya wh kristine pack follow 9 who did best familyfunpack more 504 j3 al audio kris coe add a comment 5","Tue","1696985690302","2023-10-11T00:54:50.302Z","20:54:50","10/10/2023"
"d7d1927d-b5fe-467d-97c7-d3850f3dd8b7","/data/user/0/com.screenlake/files/img_b10891b5-1400-4f18-9a0d-54726dfe0323_2023_10_10_20_54_46_824.jpg","image_zip_0edb6b9c-052d-4270-9175-13964d3d9258_109.zip","com.facebook.katana","2d3231d1-78f2-4d2a-a2fe-42dce200ccd2","84bb2fda-24ef-4f35-8d0d-e00c58a15102","","854 a nf drill 73m ao b tae lap py ta be / pe ri a ees pry 3 s bl la am l od hb 1 4 a h 14 livenplanet pn her pregnancy chair ao fpreg more 15 j3 t original audio eco add a comment","Tue","1696985686826","2023-10-11T00:54:46.826Z","20:54:46","10/10/2023"
"d7d1927d-b5fe-467d-97c7-d3850f3dd8b7","/data/user/0/com.screenlake/files/img_9310d67b-4658-49db-acd3-b5ea7443b71b_2023_10_10_20_54_43_380.jpg","image_zip_0edb6b9c-052d-4270-9175-13964d3d9258_109.zip","com.facebook.orca","2d3231d1-78f2-4d2a-a2fe-42dce200ccd2","3b5ca947-c2b1-4433-9977-e9a8f51c526a","","a xf rn 739 ls wl ir aa co 2 243 2 in round q os on my 0 g 6 o fp 0 o s oy like q comment fd share q o reels aoe h b ta chats 4 y st wo ll ace 7 y 1 3 l 733 am a re j a y kepictayouri0dt les f in wine or j ee oct a we fr h create my reels oct9 if e eufy clean eee x 0se sponsored q oct9 care for a chilly season the allnew advanced multisurfac see more s o","Tue","1696985683380","2023-10-11T00:54:43.380Z","20:54:43","10/10/2023"
"d7d1927d-b5fe-467d-97c7-d3850f3dd8b7","/data/user/0/com.screenlake/files/img_6b523e89-3c7e-49cf-af16-110feede26ff_2023_10_10_20_54_39_837.jpg","image_zip_0edb6b9c-052d-4270-9175-13964d3d9258_109.zip","com.facebook.orca","2d3231d1-78f2-4d2a-a2fe-42dce200ccd2","3b5ca947-c2b1-4433-9977-e9a8f51c526a","","854 a nl 73 barbara months ep yeah p she comes home everyday o fd idk yet j yup she can t miss 1 day of it message","Tue","1696985679842","2023-10-11T00:54:39.842Z","20:54:39","10/10/2023"
"d7d1927d-b5fe-467d-97c7-d3850f3dd8b7","/data/user/0/com.screenlake/files/img_39572f3c-0563-425a-892c-b33ebfc86f0f_2023_10_10_20_54_36_288.jpg","image_zip_0edb6b9c-052d-4270-9175-13964d3d9258_109.zip","com.facebook.katana","2d3231d1-78f2-4d2a-a2fe-42dce200ccd2","e62681ac-7256-42cb-9036-fc249536b92f","","854 a n dra 73m 6 0 2 3 0 5 jd i j canvasprintscom capture and share the love shop now cherished wedding photos brough oo 26 1 comment dy like q comment ad share o jenna m sandlerbarra eee x 5 hours ago oo 1 11 comments i o","Tue","1696985676288","2023-10-11T00:54:36.288Z","20:54:36","10/10/2023"
"d7d1927d-b5fe-467d-97c7-d3850f3dd8b7","/data/user/0/com.screenlake/files/img_d1503d6f-98f7-41c7-836c-d20221b601e4_2023_10_10_20_54_32_834.jpg","image_zip_0edb6b9c-052d-4270-9175-13964d3d9258_109.zip","com.facebook.katana","2d3231d1-78f2-4d2a-a2fe-42dce200ccd2","e62681ac-7256-42cb-9036-fc249536b92f","","854 a n al 73 a 8 0 2 3 0 lm 3 ol i frets oy br alm 5 mm i 1 tla qe product when the world a hz yor create prom en 2 em ke ti barish gal 5y/ st h nd story et y eve harvey n monopoly go sticker eee x t fy trading donations lane gentile just now some one please explain how to fill this up i ve tried to send the link to my ipad and play as a guest but i guess it didn t count me see more 4 me a invite frieng o invite friends and 150 rewards when they g/10 friends 0/10 2 1 comment 45 like q comment yy send canvasprintscom eee x sponsored q brina the memories from vour special dav to 11 o","Tue","1696985672838","2023-10-11T00:54:32.838Z","20:54:32","10/10/2023"
"d7d1927d-b5fe-467d-97c7-d3850f3dd8b7","/data/user/0/com.screenlake/files/img_b2fa6949-7d56-45e9-a045-9869640a44b2_2023_10_10_20_54_29_292.jpg","image_zip_0edb6b9c-052d-4270-9175-13964d3d9258_109.zip","com.google.android.gm","2d3231d1-78f2-4d2a-a2fe-42dce200ccd2","241cc82f-c647-4cac-a41e-052db4c2d036","","854 a nil 734 facebook t qo 8 0 2 8 0 what s on your mind2 g ml ro c8 ic nees 1 la n i 5 4 0 pl s 0 a 2 i i greats eee i ker story cael steve harvey nat 11","Tue","1696985669293","2023-10-11T00:54:29.293Z","20:54:29","10/10/2023"
"d7d1927d-b5fe-467d-97c7-d3850f3dd8b7","/data/user/0/com.screenlake/files/img_3a041b6e-f28a-4ebd-be86-3796c7d39bdf_2023_10_10_20_26_43_150.jpg","image_zip_0edb6b9c-052d-4270-9175-13964d3d9258_109.zip","com.walmart.android","96947094-6e67-4c45-8d21-5be96ea2ce85","1d7602f7-3eea-402b-b969-7cf8f04a8fec","","q search walmart f1 0 4 now 2499 now 197 4099 5397 richgv baby toys for 1 play day unicorn water year old boys a girls squirt gun 2 in 1 musical toys tod aakrkty 76 raddd 16 xr 2day shipping 2day shipping clearance j l clearance qo qo d bint ye 9 fo up wd oy ait l a oad ae oh wv 0 a 5 a te ls gr a reaate a tot a ni or ta i conib eca i 77 iid now 899 now 1999 999 3999 5599 shipping 455pcs robot buildina ee fo el 14 00 e","Tue","1696984003151","2023-10-11T00:26:43.151Z","20:26:43","10/10/2023"
"d7d1927d-b5fe-467d-97c7-d3850f3dd8b7","/data/user/0/com.screenlake/files/img_24dd9f89-4620-4029-954f-d2f3bb6901ce_2023_10_10_20_26_39_784.jpg","image_zip_0edb6b9c-052d-4270-9175-13964d3d9258_109.zip","com.walmart.android","96947094-6e67-4c45-8d21-5be96ea2ce85","1d7602f7-3eea-402b-b969-7cf8f04a8fec","","826 a xf frill 79m q search walmart f1 3 000 o how do you want your items2 l 40977 vv qo qo ap 8 aka aris pl 4 add 4 add 917 now 1997 5379 shipping 2497 18pcs holding stands kid connection 3story doll supports display dollhouse play set with racks transparent rac working garage and el 18 8 8 8 th k kt 750 2 day shipping save with w4l pickup 2day shipping qo","Tue","1696983999784","2023-10-11T00:26:39.784Z","20:26:39","10/10/2023"
"d7d1927d-b5fe-467d-97c7-d3850f3dd8b7","/data/user/0/com.screenlake/files/img_6e61d978-ad97-4b14-8c8a-1e651a68d793_2023_10_10_20_26_36_420.jpg","image_zip_0edb6b9c-052d-4270-9175-13964d3d9258_109.zip","com.walmart.android","96947094-6e67-4c45-8d21-5be96ea2ce85","1d7602f7-3eea-402b-b969-7cf8f04a8fec","","q search walmart f1 0 ga v o litebrite ey se bf eitite ssssscease 0 017 tr lo j 7 4 4 ope now 1999 now 1299 2009 s1697 best choice products litebrite ultimate pretend play doctor classic kit boys girls docto aa ral 100 kar ak 2 je di pickup 2day shipping 2day shipping o oo lite brite 3","Tue","1696983996421","2023-10-11T00:26:36.421Z","20:26:36","10/10/2023"
"d7d1927d-b5fe-467d-97c7-d3850f3dd8b7","/data/user/0/com.screenlake/files/img_d8247ee9-9e47-4af3-92a7-f3ee7d4fd026_2023_10_10_20_26_32_997.jpg","image_zip_0edb6b9c-052d-4270-9175-13964d3d9258_109.zip","com.walmart.android","96947094-6e67-4c45-8d21-5be96ea2ce85","1d7602f7-3eea-402b-b969-7cf8f04a8fec","","q search walmart im 0 ar 2 an as i wr es ww now 1699 now 625 5199 1250 more options from jodo siwa j team 1499 singing doll kids toys sqnox doctor kit for for ages 6 up gifts an toddlers 35 kids kkk / doctor playset 8 pcs p dk si 2day shipping 2day shipping reduced price oo oo w x ee pre ih pp nt fo ba pe es oe gd wa te pe y t sasi / 4 ee /p oo er 7 vg n a 7 a","Tue","1696983992998","2023-10-11T00:26:32.998Z","20:26:32","10/10/2023"
"d7d1927d-b5fe-467d-97c7-d3850f3dd8b7","/data/user/0/com.screenlake/files/img_59f2cff6-9ecb-41fe-bbe2-51cbf1cb5874_2023_10_10_20_26_29_605.jpg","image_zip_0edb6b9c-052d-4270-9175-13964d3d9258_109.zip","com.walmart.android","96947094-6e67-4c45-8d21-5be96ea2ce85","1d7602f7-3eea-402b-b969-7cf8f04a8fec","","q search walmart f1 0 oo oo aan / 8 tey /r 18 lea ie i of aarp ite jr si afl tt j a 24 an a i wy es ww now 41699 now 625 5199 1250 more options from jodosiwa j team 1499 singing doll kids toys sqnox doctor kit for for ages 6 up gifts an toddlers 35 kids l888 oi doctor playset 8 pcs p kkk si 2day shipping 2day shipping l reduced price j o q w i y","Tue","1696983989606","2023-10-11T00:26:29.606Z","20:26:29","10/10/2023"
"d7d1927d-b5fe-467d-97c7-d3850f3dd8b7","/data/user/0/com.screenlake/files/img_d3b398f7-cd27-485d-86bb-a82e83003514_2023_10_10_20_26_26_182.jpg","image_zip_0edb6b9c-052d-4270-9175-13964d3d9258_109.zip","com.walmart.android","96947094-6e67-4c45-8d21-5be96ea2ce85","1d7602f7-3eea-402b-b969-7cf8f04a8fec","","q search walmart f1 0j z ttcttustites souctat toys intus touuutot ot ull ok kkody 15 1 8 6 0 4 6 3 day shipping 2day shipping oo o l 5 a vj nspeed 23 j w 3 i ea or el ne he e i sy b h / 4d a 4 l 2 a 1 peta 2497 now 1999 barbie the movie s2499 inline skating outfit lego speed collectible ken doll wild champions 1970 ferrari ahh kt 8 512 m 76914 sports re lo kk kk 67 pickup 1day shipping wl pickup 2day shipping rollback","Tue","1696983986183","2023-10-11T00:26:26.183Z","20:26:26","10/10/2023"
"d7d1927d-b5fe-467d-97c7-d3850f3dd8b7","/data/user/0/com.screenlake/files/img_6cf7d3cb-00af-4012-b048-e0a272a12e24_2023_10_10_20_26_22_778.jpg","image_zip_0edb6b9c-052d-4270-9175-13964d3d9258_109.zip","com.walmart.android","96947094-6e67-4c45-8d21-5be96ea2ce85","1d7602f7-3eea-402b-b969-7cf8f04a8fec","","q search walmart f1 0 ea clearance j qo qo fos 0 fo 2 9 now 1900 now 2099 s2992 s2699 huffy jurassic world squishmallows 10 boys inline kick black cat with witch scooter for kids hat official kellytoy thkktr 77 18 8 8 3 3 day shipping 2day shipping clearance reduced price qo qo a lll 18181 1313 hehe ere i","Tue","1696983982779","2023-10-11T00:26:22.779Z","20:26:22","10/10/2023"
"d7d1927d-b5fe-467d-97c7-d3850f3dd8b7","/data/user/0/com.screenlake/files/img_41c6d75e-aa5f-4914-aaad-f363e90306a6_2023_10_10_20_26_19_356.jpg","image_zip_0edb6b9c-052d-4270-9175-13964d3d9258_109.zip","com.walmart.android","96947094-6e67-4c45-8d21-5be96ea2ce85","1d7602f7-3eea-402b-b969-7cf8f04a8fec","","q search walmart f1 0 sthuttile puaruaairtic ial eat ba guaranteed ultra rares rkkdkok 454 plus 8 holos or rare oo wk kedery 69 pickup 1day shipping he op 2day shipping oo oo am s wey pial sv hd 7 ge now 1797 now 1997 1997 2497 adventure force tytan tiles magnetic villainator pumpaction toy tiles 60 pieces superdrum dart blast ages children to adult tk kk dr 206 rh kk ofr 057 / ave 2 pickup 2day shipping pickup 2day shipping","Tue","1696983979357","2023-10-11T00:26:19.357Z","20:26:19","10/10/2023"
"d7d1927d-b5fe-467d-97c7-d3850f3dd8b7","/data/user/0/com.screenlake/files/img_7a053c38-5cf3-47ad-b8f1-02a7cc4434c5_2023_10_10_20_26_15_975.jpg","image_zip_0edb6b9c-052d-4270-9175-13964d3d9258_109.zip","com.walmart.android","96947094-6e67-4c45-8d21-5be96ea2ce85","1d7602f7-3eea-402b-b969-7cf8f04a8fec","","q search walmart f1 j 8 4 0 o qe ddr 214 2day shipping pickup 2day shipping reduced price oo 2 a ro 4 b tr i i ll coooooloot la getetctotet tc 0c 00600000 oh a 9008600 i i ies pes now 1829 now 1575 2499 s2099 leapfrog 2in1 leaptop kids fishing bath toys touch for toddlers game magnetic electronic learning sy floating toy magnet p 8 8 efe l208 0 saqk 34 day shipping 2day shipping reduced price","Tue","1696983975975","2023-10-11T00:26:15.975Z","20:26:15","10/10/2023"
"d7d1927d-b5fe-467d-97c7-d3850f3dd8b7","/data/user/0/com.screenlake/files/img_89153ceb-4a68-4af9-8af5-f2207054debb_2023_10_10_20_26_12_545.jpg","image_zip_0edb6b9c-052d-4270-9175-13964d3d9258_109.zip","com.walmart.android","96947094-6e67-4c45-8d21-5be96ea2ce85","1d7602f7-3eea-402b-b969-7cf8f04a8fec","","q search walmart f1 0 q qo a rs 0 1x jil ces ores 2 g ace9s rr 20054 sama now 1997 now 2000 4689 s2499 disney princess plush lego speed super set 12 plush champions 2 fast 2 figures officially lice furious nissan skyline kkk 14 ak kkede 214 2day shipping pickup 2day shipping reduced price vo v a 83 1 14 00 shop my items services account 11 o","Tue","1696983972546","2023-10-11T00:26:12.546Z","20:26:12","10/10/2023"
"d7d1927d-b5fe-467d-97c7-d3850f3dd8b7","/data/user/0/com.screenlake/files/img_33114cde-7872-4592-be97-df8a469fcae4_2023_10_10_20_26_09_134.jpg","image_zip_0edb6b9c-052d-4270-9175-13964d3d9258_109.zip","com.walmart.android","96947094-6e67-4c45-8d21-5be96ea2ce85","1d7602f7-3eea-402b-b969-7cf8f04a8fec","","826 a xf rr il 79 8 cocacola y3000 sponsored 0 te or wy i i houda j kickoff rare ed pi char d e oliday ighuff shopnow ly baer ees sas ss ne rr a ht 1000 bought in past month disney princess m disney princess plush super set 12 plush figures officially licensed kids toys for ages 3 up gifts and presents or 1 princess 2 ty mf cy 4 on ll ad 0 j aar a / dll feed g vy 0 hl v e tt 11 o","Tue","1696983969134","2023-10-11T00:26:09.134Z","20:26:09","10/10/2023"
"d7d1927d-b5fe-467d-97c7-d3850f3dd8b7","/data/user/0/com.screenlake/files/img_56d1560d-501b-4654-a6fa-b8255bf88848_2023_10_10_20_26_05_744.jpg","image_zip_0edb6b9c-052d-4270-9175-13964d3d9258_109.zip","com.walmart.android","96947094-6e67-4c45-8d21-5be96ea2ce85","1d7602f7-3eea-402b-b969-7cf8f04a8fec","","q search walmart f1 0 s1214 now 497 5379 shipping 688 wooden 120 number kid connection puzzle board children s monster truck play set digital letters hand g 7 pieces 3 day shipping wk keds 270 pickup 2day shipping 9 qo thc le pan 5 a oe ats so w co 4 oaa eegb j now 1997 now 2000 s4689 2499 disney princess plush lego speed super set 12 plush champions 2 fast 2","Tue","1696983965745","2023-10-11T00:26:05.745Z","20:26:05","10/10/2023"
"d7d1927d-b5fe-467d-97c7-d3850f3dd8b7","/data/user/0/com.screenlake/files/img_301bdb17-bf07-4d9f-8777-f75b172bfee1_2023_10_10_20_26_02_327.jpg","image_zip_0edb6b9c-052d-4270-9175-13964d3d9258_109.zip","com.walmart.android","96947094-6e67-4c45-8d21-5be96ea2ce85","1d7602f7-3eea-402b-b969-7cf8f04a8fec","","q search walmart f1 0 oo oo d po n ig a o t ox 4 lo eg 47 ochre coos monster truck ply st 1214 now 497 379 shipping 688 wooden 120 number kid connection puzzle board children s monster truck play set digital letters hand g 7 pieces 34 day shipping rhode 270 pickup 2day shipping oo oo gd z a 57 od sm i yo 4 lrg","Tue","1696983962327","2023-10-11T00:26:02.327Z","20:26:02","10/10/2023"
"d7d1927d-b5fe-467d-97c7-d3850f3dd8b7","/data/user/0/com.screenlake/files/img_18c91ecb-fc43-4f73-af22-f075fa76dcf8_2023_10_10_20_25_58_937.jpg","image_zip_0edb6b9c-052d-4270-9175-13964d3d9258_109.zip","com.walmart.android","96947094-6e67-4c45-8d21-5be96ea2ce85","1d7602f7-3eea-402b-b969-7cf8f04a8fec","","8125 a xf frill 79m q search walmart f1 3 000 o how do you want your items2 l 40977 vv th kar 207 12 2 8 8 ie save with wh save with www pickup 2day shipping 2day shipping oo oo hl 2 tin 2 j 5 l060 o 7 ul so 0 uw bh 4 now 1490 now 979 s1920 s1089 tamagotchi nano x bts options from 979 tinytan purple 1299 1 88 6 ge baby montessori toys 2t doy chin for 6m jifon baby aay shipping sensory toys food sili 18 8 4 0 8 save with wh ba 83 14 q 00 sq shop my items search services account","Tue","1696983958937","2023-10-11T00:25:58.937Z","20:25:58","10/10/2023"
"d7d1927d-b5fe-467d-97c7-d3850f3dd8b7","/data/user/0/com.screenlake/files/img_e1497609-9604-4fb4-9788-d2f3b14d22fb_2023_10_10_20_25_55_555.jpg","image_zip_0edb6b9c-052d-4270-9175-13964d3d9258_109.zip","com.walmart.android","96947094-6e67-4c45-8d21-5be96ea2ce85","1d7602f7-3eea-402b-b969-7cf8f04a8fec","","q search walmart f1 0 clearance i oo l vy 3e ye ve ret elling le pe 11 ven oanm yoh e now 1959 now 2069 s2799 l900 melissa 8 doug slice 40x32 inches luminous and bake wooden magic doodle drawing cookie play food set mat glow in the dark kkk kr 499 kkk ofr 235 2day shipping 2day shipping o o 2 88 el 14 00 shop my items services account","Tue","1696983955556","2023-10-11T00:25:55.556Z","20:25:55","10/10/2023"
"d7d1927d-b5fe-467d-97c7-d3850f3dd8b7","/data/user/0/com.screenlake/files/img_5d1707db-be19-47fc-bfa9-24a2d7d99966_2023_10_10_20_25_52_161.jpg","image_zip_0edb6b9c-052d-4270-9175-13964d3d9258_109.zip","com.walmart.android","96947094-6e67-4c45-8d21-5be96ea2ce85","1d7602f7-3eea-402b-b969-7cf8f04a8fec","","825 a nf rl 79 q search walmart f1 000 how do you want your items 40977 vo pickup day shipping pickup day shipping o o pm kidscope il y emig g 2 d i a te 4 add 4 add now 2000 now 778 s2299 1599 educational insights 5399 shipping geosafari jr kidscope 1 set tornado tube kids microscope ste bottle connector ahh kd 04 educational vortex tor save with w4 3 day shipping 3 day shipping o o rr 11 o","Tue","1696983952162","2023-10-11T00:25:52.162Z","20:25:52","10/10/2023"
"d7d1927d-b5fe-467d-97c7-d3850f3dd8b7","/data/user/0/com.screenlake/files/img_9421fa90-5ee3-4d3a-8c09-15b041c9de29_2023_10_10_20_25_48_771.jpg","image_zip_0edb6b9c-052d-4270-9175-13964d3d9258_109.zip","com.walmart.android","96947094-6e67-4c45-8d21-5be96ea2ce85","1d7602f7-3eea-402b-b969-7cf8f04a8fec","","q search walmart f1 0 istiey licdarito viirdioel ddattieship c1assic dodrd 11inch fashion doll game fun strategy includes dress shoes game for 2 players kkk ody 108 kk kode 08 hp g ha pickup 2day shipping pickup 2day shipping clearance clearance l j l o o diop a i lo 9 i q vy l 3 ag 3d a ae ss ses ae now 2000 now 778 ee s599 educational insights 2892 shipping geosafari jr kidscope 1 set tornado tube kids microscope ste bottle connector educational vortex tor fedde detr 0 i 24 dav chinnina or et 38 shop my items services account","Tue","1696983948771","2023-10-11T00:25:48.771Z","20:25:48","10/10/2023"
"d7d1927d-b5fe-467d-97c7-d3850f3dd8b7","/data/user/0/com.screenlake/files/img_7825e725-1bf5-40b1-b17d-42a5ffdc446f_2023_10_10_20_25_45_354.jpg","image_zip_0edb6b9c-052d-4270-9175-13964d3d9258_109.zip","com.walmart.android","96947094-6e67-4c45-8d21-5be96ea2ce85","1d7602f7-3eea-402b-b969-7cf8f04a8fec","","q search walmart f1 0 aa fg pd now 1497 1997 aa gomo spiderman twister compatible scoot racer unisex with alexa rideon scoot board f 2 8 8 8 ee aaa kl 71 pickup 2day shipping 2day shipping reduced price oo oo pp ww i la l jh p ai em qa sw eh ln oer aree 4 81497 now 2500 100 c/ea s4644 spark create imagine bluey juice truck","Tue","1696983945354","2023-10-11T00:25:45.354Z","20:25:45","10/10/2023"
"d7d1927d-b5fe-467d-97c7-d3850f3dd8b7","/data/user/0/com.screenlake/files/img_36568a6b-90e0-4156-9b22-7782f5fbab6e_2023_10_10_20_25_41_966.jpg","image_zip_0edb6b9c-052d-4270-9175-13964d3d9258_109.zip","com.walmart.android","96947094-6e67-4c45-8d21-5be96ea2ce85","1d7602f7-3eea-402b-b969-7cf8f04a8fec","","q search walmart f1 0 rrr ls 21/ wreak 35 pickup 2day shipping 2day shipping reduced price j zg x pus 0 7 8 2 by bo h a eso g a on now 2199 now 1397 2099 s3h46 19pcs kitchen sink toys barbie rewind 80s with upgraded electric edition collectible doll faucet pretend play k with night out look d wk kkk 3 ak kkeode 71 2day shipping 2day shipping","Tue","1696983941967","2023-10-11T00:25:41.967Z","20:25:41","10/10/2023"
"d7d1927d-b5fe-467d-97c7-d3850f3dd8b7","/data/user/0/com.screenlake/files/img_ca36c01f-77af-4a23-82e7-fb3408b9067f_2023_10_10_20_25_38_553.jpg","image_zip_0edb6b9c-052d-4270-9175-13964d3d9258_109.zip","com.walmart.android","96947094-6e67-4c45-8d21-5be96ea2ce85","1d7602f7-3eea-402b-b969-7cf8f04a8fec","","q search walmart f1 10 tins 1 of 3 tins chosen pickup 2day shipping tkkddr 555 34 day shipping o o feamy sn atl ae ot i er ye sa ses i a hoaey i bt 7 ve a x de i / spe pk n a y y ere tt lo now 797 now 1245 888 1999 candy land preschool more options from board game no 900 reading required perf sear was tamsgotehi hk 1335 r2d2 hologram a electronic pets pickup 2day shipping tkkokodr 36","Tue","1696983938553","2023-10-11T00:25:38.553Z","20:25:38","10/10/2023"
"d7d1927d-b5fe-467d-97c7-d3850f3dd8b7","/data/user/0/com.screenlake/files/img_473f7b17-7e24-418d-ad2e-a368229e3001_2023_10_10_20_25_35_146.jpg","image_zip_0edb6b9c-052d-4270-9175-13964d3d9258_109.zip","com.walmart.android","96947094-6e67-4c45-8d21-5be96ea2ce85","1d7602f7-3eea-402b-b969-7cf8f04a8fec","","q search walmart im 0 a a t ee / p aw lgn 1 or now 536 now 1997 s610 s4995 5339 shipping barbie eco leadership 2pcs hammer pounding team dolls 4 doll toys creative hammer set with clothes sus toys children beating shhh 36 3 day shipping i 3 day shipping oo y eee a ag ny yy y a q mw yg h 0 ret ans sey","Tue","1696983935147","2023-10-11T00:25:35.147Z","20:25:35","10/10/2023"
"d7d1927d-b5fe-467d-97c7-d3850f3dd8b7","/data/user/0/com.screenlake/files/img_3bf6f44c-f2cd-4cf8-9981-2bc4e8433881_2023_10_10_20_25_31_753.jpg","image_zip_0edb6b9c-052d-4270-9175-13964d3d9258_109.zip","com.walmart.android","96947094-6e67-4c45-8d21-5be96ea2ce85","1d7602f7-3eea-402b-b969-7cf8f04a8fec","","q search walmart f1 0 zday shipping pickup 2day shipping oa oo ar 4 a 4 i gea 7 yy irb 0 teg cd ly il ig il tip wd ccd of il fawrkouny sv 43 rb st now 497 now 1199 5688 s1999 kid connection friction crawling crab baby toy powered utility trucks with music and lights play set 4 pieces automatically avoid o kddkkdr 525 khdkk dr 115 pickup 2day shipping 2day shipping i reduced price qo","Tue","1696983931754","2023-10-11T00:25:31.754Z","20:25:31","10/10/2023"
"d7d1927d-b5fe-467d-97c7-d3850f3dd8b7","/data/user/0/com.screenlake/files/img_02cb01df-9c16-4e58-bb30-60b358e36bcc_2023_10_10_20_25_28_329.jpg","image_zip_0edb6b9c-052d-4270-9175-13964d3d9258_109.zip","com.walmart.android","96947094-6e67-4c45-8d21-5be96ea2ce85","1d7602f7-3eea-402b-b969-7cf8f04a8fec","","q search walmart f1 0 o o uit tay wr ci ae ere ere ri do cest ere fprry 1333 1h ceeefemi teste v ed bey ha fib 8s is i 3 1 3 0 8 2d pe 4 options now 1796 1497 2395 kid connection top class cards mega electronic walking pet box 100 cards 3 unicorn guaranteed ultra rare shh 286 kkk 5 ie mi pickup 2day shipping 2day shipping qq o jzguidies","Tue","1696983928330","2023-10-11T00:25:28.330Z","20:25:28","10/10/2023"
"d7d1927d-b5fe-467d-97c7-d3850f3dd8b7","/data/user/0/com.screenlake/files/img_a03c5f49-7ba7-473f-b3fe-c84721388e34_2023_10_10_20_25_24_900.jpg","image_zip_0edb6b9c-052d-4270-9175-13964d3d9258_109.zip","com.walmart.android","96947094-6e67-4c45-8d21-5be96ea2ce85","1d7602f7-3eea-402b-b969-7cf8f04a8fec","","q search walmart f1 0 0 0 0 o ge sa ys 22pcs green mini j tree set scenery 2day shipping architectural landsca 3 day shipping 3 r clearance reduced price oo o va c o el sb pe be z v4 3 k 25 2 i nps a x ze br 2 a ny rd a kids po weg choice a s 2 options 4 options now 1299 now 1999 1499 s2299 options from 1299 more options from 1349 1599 4 pack montessori bonsai tree building wooden puzzles for kit flower bouquet toddlers 2 34 5 years buildina cherrv tree pi ba 88 4 14 00 shop my items services account","Tue","1696983924902","2023-10-11T00:25:24.902Z","20:25:24","10/10/2023"
"d7d1927d-b5fe-467d-97c7-d3850f3dd8b7","/data/user/0/com.screenlake/files/img_c9b61684-ba1e-40c1-913b-d4993fd0df9d_2023_10_10_20_25_21_493.jpg","image_zip_0edb6b9c-052d-4270-9175-13964d3d9258_109.zip","com.walmart.android","96947094-6e67-4c45-8d21-5be96ea2ce85","1d7602f7-3eea-402b-b969-7cf8f04a8fec","","q search walmart f1 0 fickup zday shipping i re oo oo ce a ly yt ere 1399 now 782 disney the little wre mermaid townley girl copfitons fearn e82 kids makeup play set 31138 aaa 5279 shipping pp 22pcs green mini e tree set scenery 2day shipping architectural landsca 3 day shipping clearance j l reduced price oo oo","Tue","1696983921494","2023-10-11T00:25:21.494Z","20:25:21","10/10/2023"
"d7d1927d-b5fe-467d-97c7-d3850f3dd8b7","/data/user/0/com.screenlake/files/img_44e18c35-3e1b-46b8-9da6-acb1378d48e1_2023_10_10_20_25_18_087.jpg","image_zip_0edb6b9c-052d-4270-9175-13964d3d9258_109.zip","com.walmart.android","96947094-6e67-4c45-8d21-5be96ea2ce85","1d7602f7-3eea-402b-b969-7cf8f04a8fec","","sasa 8 anil 79m q search walmart f1 j 4000 o how do you want your items2 l 40977 vv o hy ne 2 lh sa fe sd pee 7 8 bin 2 2 as sor ha t add 500 now 1289 toymendous 8piece 2499 surprise box set got2glow baby fairy assorted characters a finder by wowwee aar ry 200 pink electronic pet save with wh ararty 41 save with wh pickup 2day shipping pickup 2day shipping vl nn ak oo 99 how a 8 f il o","Tue","1696983918088","2023-10-11T00:25:18.088Z","20:25:18","10/10/2023"
"d7d1927d-b5fe-467d-97c7-d3850f3dd8b7","/data/user/0/com.screenlake/files/img_44c135a1-52d0-4f50-b45e-6d01dfe959a3_2023_10_10_20_25_14_640.jpg","image_zip_0edb6b9c-052d-4270-9175-13964d3d9258_109.zip","com.walmart.android","96947094-6e67-4c45-8d21-5be96ea2ce85","1d7602f7-3eea-402b-b969-7cf8f04a8fec","","q search walmart f1 0 clearance rollback oo oo aen bier re wts 0 cs 0 tp pi se ia so wn sense ae me vy o ni rp ap ata ig j rati i 00 ee sn jeer le now 1500 now 1497 2397 1997 bakugan evolutions operation game platinum battle bundle aakrkt 1035 walmart exclusive 0 c 4 khoder 56 pickup 1day shipping b i hind 2day shipping oo q ved an amie","Tue","1696983914640","2023-10-11T00:25:14.640Z","20:25:14","10/10/2023"
"d7d1927d-b5fe-467d-97c7-d3850f3dd8b7","/data/user/0/com.screenlake/files/img_a233aee4-cdbd-4a36-83cd-2a6a806a81f2_2023_10_10_20_25_11_229.jpg","image_zip_0edb6b9c-052d-4270-9175-13964d3d9258_109.zip","com.walmart.android","96947094-6e67-4c45-8d21-5be96ea2ce85","1d7602f7-3eea-402b-b969-7cf8f04a8fec","","q search walmart f1 0 fk kkk 104 kkk dr 565 3 day shipping pickup 1day shipping reduced price oo oo re a bs tt wo ef 4 i wie ww 7 2 n ihe opt fl faa th ners de visa all id now 2000 1600 4497 lego creator 3 lego city big wheel in 1 exotic parrot gift set 66772 2 transforms to frog or in 1 tractor and constr shhh 156 adhd 50 a pickup 2day shipping clearance","Tue","1696983911229","2023-10-11T00:25:11.229Z","20:25:11","10/10/2023"
"d7d1927d-b5fe-467d-97c7-d3850f3dd8b7","/data/user/0/com.screenlake/files/img_7fcea9c0-3c7d-439a-8839-4a7071dc2df0_2023_10_10_20_25_07_820.jpg","image_zip_0edb6b9c-052d-4270-9175-13964d3d9258_109.zip","com.walmart.android","96947094-6e67-4c45-8d21-5be96ea2ce85","1d7602f7-3eea-402b-b969-7cf8f04a8fec","","825 a nfl 79m x er a en tr dr 100 bought in past month lol surprise m lol surprise bling tot 6pk great gift for kids ages 456 ema o pack j 7 ie bb surprisel/zs dh bling series pony wo y tro ge aie a ld jee py oe ke pal y f 4 an ll cole won pole sal surprise fo saisurprist sl tl surprise is aneef ll anetta 0 fo oo oo oo oo e now 2499 prive 48 104 reviews c1007 rn 11","Tue","1696983907820","2023-10-11T00:25:07.820Z","20:25:07","10/10/2023"
"d7d1927d-b5fe-467d-97c7-d3850f3dd8b7","/data/user/0/com.screenlake/files/img_dc37aba4-8bda-4d47-aa5d-291fda1a2d96_2023_10_10_20_25_04_361.jpg","image_zip_0edb6b9c-052d-4270-9175-13964d3d9258_109.zip","com.walmart.android","96947094-6e67-4c45-8d21-5be96ea2ce85","1d7602f7-3eea-402b-b969-7cf8f04a8fec","","825 a nr 79m x 100 bought in past month lol surprise m lol surprise bling tot 6pk great gift for kids ages 456 rollback wm eal ol bw aa sb es 5 wn 2 gee as al aliph 2 2 ie 4 a coa pnr n 0 0 0 0 e now 2499 48 104 reviews 4997","Tue","1696983904362","2023-10-11T00:25:04.362Z","20:25:04","10/10/2023"
"d7d1927d-b5fe-467d-97c7-d3850f3dd8b7","/data/user/0/com.screenlake/files/img_bc9b12f1-0a17-4c80-848e-4ee6fd0e07b8_2023_10_10_20_25_00_975.jpg","image_zip_0edb6b9c-052d-4270-9175-13964d3d9258_109.zip","com.walmart.android","96947094-6e67-4c45-8d21-5be96ea2ce85","1d7602f7-3eea-402b-b969-7cf8f04a8fec","","825 a nr 79m 2 made to soar sponsored o lt ne bt aw ovs ees mp ols ph tarn ir a rie se ba ay ok rhode i in pla he ms fa i holida j ip off 4 hes ii sel hat 2s 1 lr sre rte sy bae ala a rr ss 1004 bought in past month lol surprise m lol surprise bling tot 6pk great gift for kids ages 456 rollback w 1 o i i br l a a hoses series serie eclatmy xxx yy saci 4 so 7 9 11 o","Tue","1696983900975","2023-10-11T00:25:00.975Z","20:25:00","10/10/2023"
"d7d1927d-b5fe-467d-97c7-d3850f3dd8b7","/data/user/0/com.screenlake/files/img_bbfc47fd-8706-4c48-b6b1-c3fc6d47bea9_2023_10_10_20_24_57_540.jpg","image_zip_0edb6b9c-052d-4270-9175-13964d3d9258_109.zip","com.walmart.android","96947094-6e67-4c45-8d21-5be96ea2ce85","1d7602f7-3eea-402b-b969-7cf8f04a8fec","","q search walmart f1 0 oo sass oo me ran e 5 2 nel cal pack a sting series acts trucks 7 ty te reg elo bra se cpoe 13 ld o retirees bh now 2499 now 747 4007 51594 lol surprise bling tot hot wheels monster 6pk great gift for kids trucks demolition ages 4 5 64 doubles set of 2 toy t fok kkk 104 fok kk ody 565 3 day shipping pickup 1day shipping reduced price o fae tay so crearon 32 fo ed ie g sl mo i","Tue","1696983897541","2023-10-11T00:24:57.541Z","20:24:57","10/10/2023"
"d7d1927d-b5fe-467d-97c7-d3850f3dd8b7","/data/user/0/com.screenlake/files/img_e9d5829e-98bb-476c-a77a-da0bf0adf5a7_2023_10_10_20_24_54_122.jpg","image_zip_0edb6b9c-052d-4270-9175-13964d3d9258_109.zip","com.walmart.android","96947094-6e67-4c45-8d21-5be96ea2ce85","1d7602f7-3eea-402b-b969-7cf8f04a8fec","","q search walmart f1 0 best choice products te 44 clea 19in kids flash guitar oe pretend play musical i bunch o balloons added 2 rapidfilling water 2/8 balloons 100 count 3 ms fede dees 60 2day shipping hg 2day shipping zo sas ee pen r sol 2 ur de hpi 0 ae z8 29 4 2y poly plo po 4 pil it now 2499 now 747 s4997 s154 lol surprise bling tot hot wheels monster 6pk great gift for kids trucks demolition ages 4 5 64 doubles set of 2 toy t kh kdok 104 khkdodr 565","Tue","1696983894122","2023-10-11T00:24:54.122Z","20:24:54","10/10/2023"
"d7d1927d-b5fe-467d-97c7-d3850f3dd8b7","/data/user/0/com.screenlake/files/img_068af4e6-866e-40e9-a3d1-5ebdbe9f20ec_2023_10_10_20_24_50_665.jpg","image_zip_0edb6b9c-052d-4270-9175-13964d3d9258_109.zip","com.walmart.android","96947094-6e67-4c45-8d21-5be96ea2ce85","1d7602f7-3eea-402b-b969-7cf8f04a8fec","","824 a xf frill 79m q search walmart f1 3 000 o how do you want your items2 l 40977 vv 8 4 8 sage kk kk 1157 save with wh save with wi 2day shipping pickup 1day shipping oo oo 3 b / 8 cobre os a d ey ee tle senn e er ky eo pln xe 7 s a an // ttt a / 7 now 1699 now 1997 2099 3907 more options from nerf elite 20 flipshots 1499 flip16 blaster 16 dart gvisavol toys karaoke barrels flip 16 nerf da microphone best fun 6 6 birthday gifts for age save with wi kkk 13 2day shipping a1 14 q 00","Tue","1696983890666","2023-10-11T00:24:50.666Z","20:24:50","10/10/2023"
"d7d1927d-b5fe-467d-97c7-d3850f3dd8b7","/data/user/0/com.screenlake/files/img_f528709d-d3ff-4c54-9f49-57c1670bb1e4_2023_10_10_20_24_47_176.jpg","image_zip_0edb6b9c-052d-4270-9175-13964d3d9258_109.zip","com.walmart.android","96947094-6e67-4c45-8d21-5be96ea2ce85","1d7602f7-3eea-402b-b969-7cf8f04a8fec","","q search walmart f1 0 4 c nn ve wa l our wy ll now 1500 now 1497 s297 2492 jurassic world the game of life game dominion extreme family board game for damage t rex dinosaud ages 8 pegs come i 8 4 4 o gev 8 4 4 ee 2day shipping pickup 1day shipping oo oo l oni d ad 4 l 3 yd i j now 625 now 2497","Tue","1696983887177","2023-10-11T00:24:47.177Z","20:24:47","10/10/2023"
"d7d1927d-b5fe-467d-97c7-d3850f3dd8b7","/data/user/0/com.screenlake/files/img_a38d4d1f-7128-4ba2-82ec-257abec2c1ea_2023_10_10_20_24_43_782.jpg","image_zip_0edb6b9c-052d-4270-9175-13964d3d9258_109.zip","com.walmart.android","96947094-6e67-4c45-8d21-5be96ea2ce85","1d7602f7-3eea-402b-b969-7cf8f04a8fec","","q search walmart f1 0 now 3457 4499 7688 best choice products kid connection kids bow arrow set miniature electronic children s play archer walking pet triceratops shhh 10 tr ka 603 i 2day shipping pickup 2day shipping reduced price deal oo oo omg wa y oy tr os nc a 2 veron 32 pa lc nc toy cpaydteri i al apreliny id smecfihomdl btr j ee ne i vp so ou ig t hea ec vi eretih fh now 1599 now 1297 1899 s1497 water doodle mat for barbie dreamtopia kids toys ages 2 3 4 twist n style princess kids color drawing do hairstyling doll acc wok kkk 4 fok k diy 30","Tue","1696983883782","2023-10-11T00:24:43.782Z","20:24:43","10/10/2023"
"d7d1927d-b5fe-467d-97c7-d3850f3dd8b7","/data/user/0/com.screenlake/files/img_5a1dd8d8-51a8-413e-b611-af2b1547a177_2023_10_10_20_24_40_349.jpg","image_zip_0edb6b9c-052d-4270-9175-13964d3d9258_109.zip","com.walmart.android","96947094-6e67-4c45-8d21-5be96ea2ce85","1d7602f7-3eea-402b-b969-7cf8f04a8fec","","q search walmart im 0 vv vv codenames eo q 5 2 bs cc a coz wd 2 now 359 now 1239 399 2349 options from 359 codenames czech 798 games edition board 5497 shipping games for family and kayannuo toys details 12 o qin new hot stuffed plush e doll toy animal cute pickup 1day shipping 6 6 6 o ds 3 day shipping e qo vy ph boa a 71 bb","Tue","1696983880350","2023-10-11T00:24:40.350Z","20:24:40","10/10/2023"
"d7d1927d-b5fe-467d-97c7-d3850f3dd8b7","/data/user/0/com.screenlake/files/img_a32e90fb-75b8-4320-8343-5c40f351516a_2023_10_10_20_24_36_941.jpg","image_zip_0edb6b9c-052d-4270-9175-13964d3d9258_109.zip","com.walmart.android","96947094-6e67-4c45-8d21-5be96ea2ce85","1d7602f7-3eea-402b-b969-7cf8f04a8fec","","q search walmart f1 0 zday shipping ot oo qo la 2 el pi xf ad a rv 2 pa bn y 4 1 sets ce pa st a now 1997 now 1870 4497 9999 star wars the vintage remote controls cars collection brown rc boat sonic 2 speeder bike vehicle u toys 4wd off road c 6 6 6 ol kh kk 618 2day shipping 2day shipping reduced price deal o o","Tue","1696983876941","2023-10-11T00:24:36.941Z","20:24:36","10/10/2023"
"d7d1927d-b5fe-467d-97c7-d3850f3dd8b7","/data/user/0/com.screenlake/files/img_5ee1c428-cd07-4cf7-9e74-63a35f51cd34_2023_10_10_20_24_33_553.jpg","image_zip_0edb6b9c-052d-4270-9175-13964d3d9258_109.zip","com.walmart.android","96947094-6e67-4c45-8d21-5be96ea2ce85","1d7602f7-3eea-402b-b969-7cf8f04a8fec","","q search walmart f1 0 o o ene am cn so ss rte ls bl keeles now 1500 now 3400 53006 s552 gelbee s wildfire 2 pack more options from of water bead blasters 2399 08 6 ee barbie townley girl v4 kids makeup set with train case for ages 34 2day shipping ddr 214 2day shipping our o o","Tue","1696983873553","2023-10-11T00:24:33.553Z","20:24:33","10/10/2023"
"d7d1927d-b5fe-467d-97c7-d3850f3dd8b7","/data/user/0/com.screenlake/files/img_31c29716-2205-4201-a4f7-15a81c686cf4_2023_10_10_20_24_30_082.jpg","image_zip_0edb6b9c-052d-4270-9175-13964d3d9258_109.zip","com.walmart.android","96947094-6e67-4c45-8d21-5be96ea2ce85","1d7602f7-3eea-402b-b969-7cf8f04a8fec","","824 a nr 79m kreg delicious varieties sponsored o lt ne bt aw ovs ees mp ols ph tarn a sy rd ry rr sf se holida tuionoee obey ase j by tull uafrilrc ree ee ey in 200 people s carts madd gear m madd gear 31 x 7 inch double kicktail beginner complete skateboard with maple deck 48 o 0 s515 sn / oa 2 sl wg v o e a to hr a i a w 0 11 o","Tue","1696983870083","2023-10-11T00:24:30.083Z","20:24:30","10/10/2023"
"d7d1927d-b5fe-467d-97c7-d3850f3dd8b7","/data/user/0/com.screenlake/files/img_e6ad89cd-47d7-4f6f-8206-b1b94d651691_2023_10_10_20_24_26_681.jpg","image_zip_0edb6b9c-052d-4270-9175-13964d3d9258_109.zip","com.walmart.android","96947094-6e67-4c45-8d21-5be96ea2ce85","1d7602f7-3eea-402b-b969-7cf8f04a8fec","","824 a nr 79m kreg delicious varieties sponsored 0 rr tr a deals holid umiproel dri va ad oi ey uliday rigkc li ra se vopr 3 in 2004 people s carts madd gear m madd gear 31 x 7 inch double kicktail beginner complete skateboard with maple deck ves a aen sr / qo a q x07 yi ff xt a 9 1 o","Tue","1696983866682","2023-10-11T00:24:26.682Z","20:24:26","10/10/2023"
"d7d1927d-b5fe-467d-97c7-d3850f3dd8b7","/data/user/0/com.screenlake/files/img_3897a1ee-a51e-4e86-8e97-c5bdbc3b4c65_2023_10_10_20_24_23_212.jpg","image_zip_0edb6b9c-052d-4270-9175-13964d3d9258_109.zip","com.walmart.android","96947094-6e67-4c45-8d21-5be96ea2ce85","1d7602f7-3eea-402b-b969-7cf8f04a8fec","","q search walmart im 0 2day shipping 2day shipping on sq o re on 87s oe had a a e sea ag do q now 1497 now 998 2638 1560 spark create imagine madd gear 31x 7 abc foam playmat inch double kicktail learning toy set 28 pi beginner complete sk kk kd 055 hhh kk 465 3 v2 save pickup 2day shipping 2day shipping","Tue","1696983863213","2023-10-11T00:24:23.213Z","20:24:23","10/10/2023"
"d7d1927d-b5fe-467d-97c7-d3850f3dd8b7","/data/user/0/com.screenlake/files/img_5f3a13ce-a13f-4d98-8338-62d65e93d767_2023_10_10_20_24_19_826.jpg","image_zip_0edb6b9c-052d-4270-9175-13964d3d9258_109.zip","com.walmart.android","96947094-6e67-4c45-8d21-5be96ea2ce85","1d7602f7-3eea-402b-b969-7cf8f04a8fec","","824 a nr 79m x eos torii tioiott ee 70 hima 2 su ee ie a 100 bought in past month melissa doug m melissa doug deluxe kitchen collection cooking 8 play food set 58 pieces er ee ee vd deluxe a cooking 4 play food set gre / wt i ny jos ne es n s nn whe y nt dwic te on ss er s y 2 o oo 0 0 0 0 0 oo bp now 2000 yrirrvriy 48 90 reviews 3025 11","Tue","1696983859827","2023-10-11T00:24:19.827Z","20:24:19","10/10/2023"
"d7d1927d-b5fe-467d-97c7-d3850f3dd8b7","/data/user/0/com.screenlake/files/img_83a19e66-aac2-4bf7-abcb-78ffbd11af8f_2023_10_10_20_24_16_395.jpg","image_zip_0edb6b9c-052d-4270-9175-13964d3d9258_109.zip","com.walmart.android","96947094-6e67-4c45-8d21-5be96ea2ce85","1d7602f7-3eea-402b-b969-7cf8f04a8fec","","824 a nr 79m dealsholidaykickoff shopoow 5 nulidatrilauef shopnow lf th ree sh np arrears tee soren a 1004 bought in past month melissa doug m melissa doug deluxe kitchen collection cooking a play food set 58 pieces oo o a sedc ew wc leme er 2 ve eer willa gp ce es oo oo 0 oo 0 0 0 0 bp 11 o","Tue","1696983856395","2023-10-11T00:24:16.395Z","20:24:16","10/10/2023"
"d7d1927d-b5fe-467d-97c7-d3850f3dd8b7","/data/user/0/com.screenlake/files/img_36bbf757-3590-4ee2-8e9d-ce6657fb0bee_2023_10_10_20_24_12_966.jpg","image_zip_0edb6b9c-052d-4270-9175-13964d3d9258_109.zip","com.walmart.android","96947094-6e67-4c45-8d21-5be96ea2ce85","1d7602f7-3eea-402b-b969-7cf8f04a8fec","","q search walmart f1 0 oo oo ar n27 ao 4 a pi 11 i ta seve x ha saa a y py now 2000 now 1799 53625 3999 melissa doug deluxe robot building toys for kitchen collection boys age 6 year old cooking 8 play food s educational building b rkkkk 0 2 8 8 ee 2day shipping 2day shipping ot te any sys i / bp as 5 3 i ezr","Tue","1696983852967","2023-10-11T00:24:12.967Z","20:24:12","10/10/2023"
"d7d1927d-b5fe-467d-97c7-d3850f3dd8b7","/data/user/0/com.screenlake/files/img_17b357bf-1829-46a5-a4e0-1681c018d53f_2023_10_10_20_24_09_537.jpg","image_zip_0edb6b9c-052d-4270-9175-13964d3d9258_109.zip","com.walmart.android","96947094-6e67-4c45-8d21-5be96ea2ce85","1d7602f7-3eea-402b-b969-7cf8f04a8fec","","q search walmart f1 10 madd gear 31 x 7inch wisairt kids camera complete skateboard 1080p hd digital video double kicktail standa cameras with 32gb s hh k 165 rrr ko 361 3 day shipping 2day shipping 9 vy 4 i munson la 4 ow lj e 799 now 1497 kifunppy baby bath 3288 toys foam letters and barbie 28inch best numbers 36pc toddler fashion friend star aar power doll dark brow zs 1 6 8 6 2day shipping i 3 day shipping","Tue","1696983849538","2023-10-11T00:24:09.538Z","20:24:09","10/10/2023"
"d7d1927d-b5fe-467d-97c7-d3850f3dd8b7","/data/user/0/com.screenlake/files/img_56d84de1-607f-4414-9e5a-01bcd39f2632_2023_10_10_20_24_06_139.jpg","image_zip_0edb6b9c-052d-4270-9175-13964d3d9258_109.zip","com.walmart.android","96947094-6e67-4c45-8d21-5be96ea2ce85","1d7602f7-3eea-402b-b969-7cf8f04a8fec","","gada ner 79 8 q search walmart f1 ts 5000 o how do you want your items2 40977 a oo 5 i soc lr i ees an j 3 options 4 add 00009 1997 now 797 madd gear flow 100 984 folding kids inline kick dolphin hat taco cat scooter lightweight goat cheese pizza card g 8 4 6 gree ame save with w4 tara k 106 save with w pickup 2day shipping pickup 2day shipping 0 o","Tue","1696983846140","2023-10-11T00:24:06.140Z","20:24:06","10/10/2023"
"d7d1927d-b5fe-467d-97c7-d3850f3dd8b7","/data/user/0/com.screenlake/files/img_719e77e1-1c67-4a48-af6a-868af7a24f5d_2023_10_10_20_24_02_754.jpg","image_zip_0edb6b9c-052d-4270-9175-13964d3d9258_109.zip","com.walmart.android","96947094-6e67-4c45-8d21-5be96ea2ce85","1d7602f7-3eea-402b-b969-7cf8f04a8fec","","q search walmart f1 0j clearance reduced price oo oo bo 8 a 3 1 2 nd sr pe in rse es gg sal cg 2 options now 997 now 2500 2433 s3444 options from 997 paw patrol true metal 5592 total city rescue nerf mega xl double vehicle playset 155 sc crusher blaster 4 mega 6 6 6 ecl xl whistler darts v4 kkk 85 3 day shipping 2day shipping i o 4 eit a3","Tue","1696983842754","2023-10-11T00:24:02.754Z","20:24:02","10/10/2023"
"d7d1927d-b5fe-467d-97c7-d3850f3dd8b7","/data/user/0/com.screenlake/files/img_c0f1b2ae-a276-4bd0-b721-64a9d56870a3_2023_10_10_20_23_59_347.jpg","image_zip_0edb6b9c-052d-4270-9175-13964d3d9258_109.zip","com.walmart.android","96947094-6e67-4c45-8d21-5be96ea2ce85","1d7602f7-3eea-402b-b969-7cf8f04a8fec","","q search walmart f1 0 pols 8 8 now 600 now 2499 2997 4299 lanard the corps seckton upgrade kids combat strike camera with cute multicolor battle pack silicone cover toy ca thkkkk 26 hhh o2 2day shipping 2day shipping clearance reduced price qo 3 a 2 in n peg nie s n sh 0 yi","Tue","1696983839347","2023-10-11T00:23:59.347Z","20:23:59","10/10/2023"
"d7d1927d-b5fe-467d-97c7-d3850f3dd8b7","/data/user/0/com.screenlake/files/img_3cbdf596-ea63-4b45-b5cc-ba76d1839925_2023_10_10_20_23_55_964.jpg","image_zip_0edb6b9c-052d-4270-9175-13964d3d9258_109.zip","com.walmart.android","96947094-6e67-4c45-8d21-5be96ea2ce85","1d7602f7-3eea-402b-b969-7cf8f04a8fec","","q search walmart f1 0 oo oo 5 dr n bs sea i co 2 a w et en 2 8 ak rrs j 58 sd i ro sot 8 bt ey srr now 1500 now 797 s3497 5899 ryans world giant classic hi ho cherryo mystery egg series 8 kids board game for arr 20 preschoolers ages 3 a vo kh kdr 422 2day shipping i pickup 1day shipping reduced price deal oo oo r o i 82 sw sil i o","Tue","1696983835964","2023-10-11T00:23:55.964Z","20:23:55","10/10/2023"
"d7d1927d-b5fe-467d-97c7-d3850f3dd8b7","/data/user/0/com.screenlake/files/img_f24b7f92-2292-42bf-82c5-9268266e6b99_2023_10_10_20_23_52_570.jpg","image_zip_0edb6b9c-052d-4270-9175-13964d3d9258_109.zip","com.walmart.android","96947094-6e67-4c45-8d21-5be96ea2ce85","1d7602f7-3eea-402b-b969-7cf8f04a8fec","","8123 a nr 79m x 500 bought in past week ryan s world m ryans world giant mystery egg series 8 for ryans world toy oo q y in df z 2 3 / wags soz nn te p 70558 s o 0 0 0 0 o o now 1500 46 80 reviews 34957 you save 1997","Tue","1696983832570","2023-10-11T00:23:52.570Z","20:23:52","10/10/2023"
"d7d1927d-b5fe-467d-97c7-d3850f3dd8b7","/data/user/0/com.screenlake/files/img_3178b4a7-be33-4a2e-a1a9-e48b68773041_2023_10_10_20_23_49_142.jpg","image_zip_0edb6b9c-052d-4270-9175-13964d3d9258_109.zip","com.walmart.android","96947094-6e67-4c45-8d21-5be96ea2ce85","1d7602f7-3eea-402b-b969-7cf8f04a8fec","","823 a nf al 80m x 500 bought in past week ryan s world m ryans world giant mystery egg series 8 for ryans world toy oo tho q jo 78 ft 8 3 2 z oi or 9 va la one on lx bh ea 4 5 q eo a 0 0 0 0 0 oo o now 1500 46 80 reviews 34957 you save 1997","Tue","1696983829143","2023-10-11T00:23:49.143Z","20:23:49","10/10/2023"
"d7d1927d-b5fe-467d-97c7-d3850f3dd8b7","/data/user/0/com.screenlake/files/img_f8f36ba4-dafd-4d25-8aaa-389d7ec0d22a_2023_10_10_20_23_45_739.jpg","image_zip_0edb6b9c-052d-4270-9175-13964d3d9258_109.zip","com.walmart.android","96947094-6e67-4c45-8d21-5be96ea2ce85","1d7602f7-3eea-402b-b969-7cf8f04a8fec","","823 a nf al 80m x brach make fall moments sweeter sponsored i deals holiday kickoff shop now 500 bought in past week ryan s world m ryans world giant mystery egg series 8 for ryans world toy oo 7 3 7 x c al sra ae ip l 0 ce h vol w h ed g5 i s z 0o 0 0 0 0 oo","Tue","1696983825739","2023-10-11T00:23:45.739Z","20:23:45","10/10/2023"
"d7d1927d-b5fe-467d-97c7-d3850f3dd8b7","/data/user/0/com.screenlake/files/img_7f65690a-8253-450c-9261-c2fa8cc53170_2023_10_10_20_23_42_207.jpg","image_zip_0edb6b9c-052d-4270-9175-13964d3d9258_109.zip","com.walmart.android","96947094-6e67-4c45-8d21-5be96ea2ce85","1d7602f7-3eea-402b-b969-7cf8f04a8fec","","q search walmart f1 0j oo oo a se h0 lep ine 5 of coeryo wa aj bh i ls o 4a te wl a q5 a 2 now 1500 now 797 3497 5899 ryans world giant classic hi ho cherryo mystery egg series 8 kids board game for ah ahatr 50 preschoolers ages 3 a ave with w4 kkk 422 2day shipping il pickup 1day shipping reduced price deal oo oo ir ee aiiie 0 gh ga ay s oy ae ee 2a i","Tue","1696983822208","2023-10-11T00:23:42.208Z","20:23:42","10/10/2023"
"d7d1927d-b5fe-467d-97c7-d3850f3dd8b7","/data/user/0/com.screenlake/files/img_b35347cc-2b6e-47e3-b449-1704e9542e53_2023_10_10_20_23_38_727.jpg","image_zip_0edb6b9c-052d-4270-9175-13964d3d9258_109.zip","com.walmart.android","96947094-6e67-4c45-8d21-5be96ea2ce85","1d7602f7-3eea-402b-b969-7cf8f04a8fec","","q search walmart f1 0 be 2 day shipping ces a d 2d shipping h oo ll i i co j a of re el re 2 j 0 l g5 oe 5 633 a yi 2 i am o i 5 17y 9 i x we sr l si ere ig ee el a by 54199 1497 3995 5 star wars nubs bm sharper image split 8 aa i a0 be figure speeder twister remote fe ares 3 ad bike star wars pla control twisting s bl add 2s bl ar 19 fs it je 5 2 ol le ic pi ie 34 day shipping bs outofstock for ly 4 5 iy ie a show more deals vv 23 fg re ee ee se ea se oe toy deals 945 price when purchased online ba clearance rollback o o","Tue","1696983818727","2023-10-11T00:23:38.727Z","20:23:38","10/10/2023"
"d7d1927d-b5fe-467d-97c7-d3850f3dd8b7","/data/user/0/com.screenlake/files/img_07ffb7a3-a9ed-4e13-87df-4844ff504c14_2023_10_10_20_23_35_316.jpg","image_zip_0edb6b9c-052d-4270-9175-13964d3d9258_109.zip","com.walmart.android","96947094-6e67-4c45-8d21-5be96ea2ce85","1d7602f7-3eea-402b-b969-7cf8f04a8fec","","q search walmart f1 0 5 5 i i fie lc 5 5 5 5 be 2day shipping 3 day shipping 8 ee ei ege gs vy sy 205 5 o now 2320 54400 e io 5 i rainbow high sheryl meyer 5 ps a 8 marigold fashion doll fs i playset 11 pieces 3 gd i a wir iif 40 witt su 58 2day shipping ei s 3 kel pet i i ail 5 ie po i ee i waz tiel i fh leaes 1 o ass y 2 5 ed jr m ed 2 7 5 nz be la 4 e bl now 949 b 2299 i ooo0 2 best choice 7a 52 e ps 5 sensory fx e products set of 2 be be asmr mega bar bf 1/43scale27mhz js me ct fad lj jt","Tue","1696983815317","2023-10-11T00:23:35.317Z","20:23:35","10/10/2023"
"d7d1927d-b5fe-467d-97c7-d3850f3dd8b7","/data/user/0/com.screenlake/files/img_287da3b9-7001-41e4-a881-01195bfed514_2023_10_10_20_23_31_865.jpg","image_zip_0edb6b9c-052d-4270-9175-13964d3d9258_109.zip","com.walmart.android","96947094-6e67-4c45-8d21-5be96ea2ce85","1d7602f7-3eea-402b-b969-7cf8f04a8fec","","q search walmart f1 0j seat lab ts se enr i rr se es fi 5 2 2 5 no c fb x 2 yo at ry o eb 7d linited eon 5 1 ke weld be oo od del i 40 spring bling eid 5 1 wpa 5 2j i he i bi x now 920 be now 697 j by coo be i007 5 me i ks 7 8 lol surprise 2022 if bloopies mermaid gz 8 lmitededition bb magic tail sunny spring bling big sis doll 10 inch water rats ll aaa e 2 3 i 2day shipping b 2day shipping i 3 et be he d ol 3 p ji erc 0 i fd ay y fo ae rn a fs pere i jp 5 2 r 5 options 3 2 5 rr 2ed ol i je fl now 1799 be now 998 he a l lz","Tue","1696983811865","2023-10-11T00:23:31.865Z","20:23:31","10/10/2023"
"d7d1927d-b5fe-467d-97c7-d3850f3dd8b7","/data/user/0/com.screenlake/files/img_dfc4e991-d713-4790-98dd-3028107d41c0_2023_10_10_20_23_28_456.jpg","image_zip_0edb6b9c-052d-4270-9175-13964d3d9258_109.zip","com.walmart.android","96947094-6e67-4c45-8d21-5be96ea2ce85","1d7602f7-3eea-402b-b969-7cf8f04a8fec","","q search walmart f1 0 3 b i 5 oet th ey a 3 winetic 6 by now 8997 si500 b sands be 5 eg 2 kinetic sand seashell 1 oh ad an / a i z a an containers 8pack for kids eg citer ages 3 and up l i o see dedeo 19 o it i ea oe 2day shipping i fd bes yel j x p i l re oon eb eh v a 0 i l a uv spring bln 3 5 i pas 2 5f wad i 3 oe o 15 0 now 5920 now 697 coo bl coer hy lol surprise 2022 by bloopies mermaid by lmitededition 8 magic tail sunny 5 spring bling big sis 8 doll 10 inch water 5 balalebet ee br ttl 7 i 0 i i fod","Tue","1696983808457","2023-10-11T00:23:28.457Z","20:23:28","10/10/2023"
"d7d1927d-b5fe-467d-97c7-d3850f3dd8b7","/data/user/0/com.screenlake/files/img_6e426b4f-3ac9-4c42-a425-02fa6b100d5b_2023_10_10_20_23_25_060.jpg","image_zip_0edb6b9c-052d-4270-9175-13964d3d9258_109.zip","com.walmart.android","96947094-6e67-4c45-8d21-5be96ea2ce85","1d7602f7-3eea-402b-b969-7cf8f04a8fec","","q search walmart f1 0 res hra hy se ea pp i saipt as a eal ee ra os red ve 4 2 yi i y a ee h oo 0 5 of pe oi a i he sf g e ro gn 7 co b 5 a a pre x 25 ay xd b eal 7 ea ie bl now 52299 8 now 749 3999 bl ses oo 5 orian teepee tent fidgetz combo fs for kids playhouse set fidget toys 5 with led lights an assortment senso fil bl aar s2 breese oi i o 2day shipping co 2day shipping 0 ms 00 j b j iy aemmn i coeaa oj now 997 sis90 i sa nd gap i 4 8 a 4 kinetic sand seashell ii b g conteinersspack forkids ff ed ages 3 and u kgs i ii3 j i fag 5 fr de ded 19 5 5 fe 5 fis if 4 2day shipping oe","Tue","1696983805061","2023-10-11T00:23:25.061Z","20:23:25","10/10/2023"
